2026-09-13T12:32:56.430976Z  INFO bevy_render::renderer: AdapterInfo { name: "AMD Radeon 780M Graphics (RADV PHOENIX)", vendor: 4098, device: 5567, device_type: IntegratedGpu, device_pci_bus_id: "0000:c1:00.0", driver: "radv", driver_info: "Mesa 26.2.2-arch1.1", backend: Vulkan, subgroup_min_size: 32, subgroup_max_size: 64, transient_saves_memory: false }
2026-09-13T12:32:56.590933Z  INFO gilrs_core::platform::platform::gamepad: Gamepad /dev/input/event9 (Framework Laptop 16 Keyboard Module - ANSI System Control) connected.
2026-09-13T12:32:56.591062Z  WARN gilrs::gamepad: No mapping found for UUID 03000000-ac32-0000-1200-000011010000
        Default mapping will be used.
2026-09-13T12:32:56.644640Z  INFO bevy_pbr::cluster: GPU clustering is supported on this device.
2026-09-13T12:32:56.644675Z  INFO bevy_render::batching::gpu_preprocessing: GPU preprocessing is fully supported on this device.
2026-09-13T12:32:56.645206Z  INFO bevy_egui::render: Using bindless_mode_array_size 16 (Device maximum 8388606)
2026-09-13T12:32:56.645653Z  INFO bevy_winit::system: Creating new window omdurman (65v0)
2026-09-13T12:32:56.649112Z  INFO omdurman_net: opening matchbox socket room=dev-room url=wss://omdurman-matchbox.fly.dev/dev-room?next=20
2026-09-13T12:32:56.649567Z  INFO omdurman_hexmap::map: loaded 288 hexes for fall_of_khartoum_1885.webp board
2026-09-13T12:32:56.658019Z  INFO bevy_input::gamepad: Gamepad 460v0 connected.
2026-09-13T12:32:56.665802Z  INFO omdurman::game_record: game record initialised seed=12748854079985051132
2026-09-13T12:32:57.432627Z  INFO omdurman::splash: splash: entering menu
2026-09-13T12:32:58.342894Z  INFO webrtc_ice::mdns: mDNS is using 224.0.0.251:5353 as dest_addr
2026-09-13T12:32:58.343226Z  INFO webrtc_mdns::conn: Looping and listening Ok(224.0.0.251:5353)
2026-09-13T12:32:58.343268Z  INFO webrtc::peer_connection: signaling state changed to have-local-offer
2026-09-13T12:32:58.343495Z  WARN webrtc_ice::agent::agent_gather: [controlled]: could not listen udp fe80::1726:a67a:93d1:4705: io error: Invalid argument (os error 22)
2026-09-13T12:32:58.381063Z  INFO webrtc::peer_connection: signaling state changed to stable
2026-09-13T12:32:58.381136Z  INFO webrtc_ice::agent::agent_internal: [controlling]: Setting new connection state: Checking
2026-09-13T12:32:58.381179Z  INFO webrtc::peer_connection: ICE connection state changed: checking
2026-09-13T12:32:58.381190Z  INFO webrtc::peer_connection: peer connection state changed: connecting
2026-09-13T12:32:58.381175Z  WARN webrtc_ice::agent::agent_internal: [controlling]: pingAllCandidates called with no candidate pairs. Connection is not possible yet.
2026-09-13T12:32:58.382913Z  WARN webrtc_ice::agent::agent_internal: [controlling]: pingAllCandidates called with no candidate pairs. Connection is not possible yet.
2026-09-13T12:32:58.384810Z  WARN webrtc_ice::agent::agent_internal: [controlling]: pingAllCandidates called with no candidate pairs. Connection is not possible yet.
2026-09-13T12:32:58.391262Z  WARN webrtc_ice::agent::agent_internal: [controlling]: pingAllCandidates called with no candidate pairs. Connection is not possible yet.
2026-09-13T12:32:58.391684Z  WARN webrtc_ice::agent::agent_internal: [controlling]: pingAllCandidates called with no candidate pairs. Connection is not possible yet.
2026-09-13T12:32:58.408039Z  INFO webrtc_ice::agent::agent_internal: [controlling]: Setting new connection state: Connected
2026-09-13T12:32:58.408089Z  INFO webrtc::peer_connection: ICE connection state changed: connected
2026-09-13T12:32:58.409916Z  INFO webrtc::peer_connection: peer connection state changed: connected
2026-09-13T12:32:58.417967Z  INFO omdurman::net_socket: peer connected peer=21881f3f-94fb-4a8f-8b4c-7b3c5c2da45a
2026-09-13T12:33:01.755336Z  INFO omdurman::splash: menu: entering lobby
2026-09-13T12:33:10.757371Z  INFO omdurman::net_socket: applied sequenced event seq=0 uid=10372213969454910462
2026-09-13T12:33:10.757533Z  INFO omdurman::net_socket: game started via host StartGame scenario=FallOfKhartoum
2026-09-13T12:33:10.757548Z  INFO omdurman::net_socket: dropping sequenced delivery of an already-applied event seq=0 uid=10372213969454910462 last_applied=Some(0)
2026-09-13T12:33:10.757821Z  INFO omdurman_hexmap::map: loaded 288 hexes for fall_of_khartoum_1885.webp board
2026-09-13T12:33:10.757855Z  INFO omdurman_board_ui::board_store: loaded board kind=FallOfKhartoum img_w=1571.0 img_h=1200.0
2026-09-13T12:33:10.873149Z  INFO omdurman::net_socket: ignoring game history that is not ahead of local state
2026-09-13T12:33:10.891056Z  INFO omdurman::net_socket: applied sequenced event seq=1 uid=10372213969454910463
2026-09-13T12:33:10.891105Z  INFO omdurman::net_socket: applied sequenced event seq=2 uid=10372213969454910464
2026-09-13T12:33:10.891118Z  INFO omdurman::net_socket: applied sequenced event seq=3 uid=10372213969454910465
2026-09-13T12:33:10.891132Z  INFO omdurman::net_socket: applied sequenced event seq=4 uid=10372213969454910466
2026-09-13T12:33:10.891500Z  WARN omdurman::placement: PlaceUnit rejected by rules engine (§9.2/§9.3/§9.112) section_name=BritishBoats col=3 row=1 coord.q=13 coord.r=5 error=counter BritishBoats_3_1 is already on the board -- each physical unit deploys once
2026-09-13T12:33:10.891536Z  WARN omdurman::placement: PlaceUnit rejected by rules engine (§9.2/§9.3/§9.112) section_name=HadendowaForts col=0 row=0 coord.q=19 coord.r=3 error=counter HadendowaForts_0_0 is already on the board -- each physical unit deploys once
2026-09-13T12:33:10.903001Z  INFO omdurman::net_socket: applied sequenced event seq=5 uid=10372213969454910467
2026-09-13T12:33:10.903028Z  INFO omdurman::net_socket: applied sequenced event seq=6 uid=10372213969454910468
2026-09-13T12:33:10.903432Z  WARN omdurman::placement: PlaceUnit rejected by rules engine (§9.2/§9.3/§9.112) section_name=BritishBoats col=3 row=1 coord.q=13 coord.r=5 error=counter BritishBoats_3_1 is already on the board -- each physical unit deploys once
2026-09-13T12:33:10.903476Z  WARN omdurman::placement: PlaceUnit rejected by rules engine (§9.2/§9.3/§9.112) section_name=HadendowaForts col=0 row=0 coord.q=19 coord.r=3 error=counter HadendowaForts_0_0 is already on the board -- each physical unit deploys once
2026-09-13T12:33:12.755303Z  INFO omdurman::net_socket: guest: retrying snapshot request next_seq=0 last_applied=Some(6) is_host=false unconfirmed=0
2026-09-13T12:33:12.788934Z  INFO omdurman::net_socket: ignoring game history that is not ahead of local state
2026-09-13T12:33:14.758788Z  INFO omdurman::net_socket: guest: retrying snapshot request next_seq=0 last_applied=Some(6) is_host=false unconfirmed=0
2026-09-13T12:33:14.792691Z  INFO omdurman::net_socket: ignoring game history that is not ahead of local state
2026-09-13T12:33:16.763907Z  INFO omdurman::net_socket: guest: retrying snapshot request next_seq=0 last_applied=Some(6) is_host=false unconfirmed=0
2026-09-13T12:33:16.797833Z  INFO omdurman::net_socket: ignoring game history that is not ahead of local state
2026-09-13T12:33:18.769107Z  INFO omdurman::net_socket: guest: retrying snapshot request next_seq=0 last_applied=Some(6) is_host=false unconfirmed=0
2026-09-13T12:33:18.785176Z  INFO omdurman::net_socket: ignoring game history that is not ahead of local state
2026-09-13T12:33:20.771964Z  INFO omdurman::net_socket: guest: retrying snapshot request next_seq=0 last_applied=Some(6) is_host=false unconfirmed=0
2026-09-13T12:33:20.804165Z  INFO omdurman::net_socket: ignoring game history that is not ahead of local state
2026-09-13T12:33:22.772045Z  INFO omdurman::net_socket: guest: retrying snapshot request next_seq=0 last_applied=Some(6) is_host=false unconfirmed=0
2026-09-13T12:33:22.806325Z  INFO omdurman::net_socket: ignoring game history that is not ahead of local state
2026-09-13T12:33:24.773092Z  INFO omdurman::net_socket: guest: retrying snapshot request next_seq=0 last_applied=Some(6) is_host=false unconfirmed=0
2026-09-13T12:33:24.806853Z  INFO omdurman::net_socket: ignoring game history that is not ahead of local state
2026-09-13T12:33:25.521937Z  INFO omdurman::picker: placing unit section_name=Mulazmin_I col=0 row=0 coord.q=16 coord.r=15
2026-09-13T12:33:25.538484Z  INFO omdurman::events: forward_local_actions: bridging LocalAction to PendingEdits
2026-09-13T12:33:25.538848Z  INFO omdurman::net_plugin: retransmitting unconfirmed submissions pending=1 stall_secs=0.0
2026-09-13T12:33:25.572448Z  INFO omdurman::net_socket: applied sequenced event seq=7 uid=1643342529555745225
2026-09-13T12:33:25.572473Z  INFO omdurman::net_socket: dropping sequenced delivery of an already-applied event seq=7 uid=1643342529555745225 last_applied=Some(7)
2026-09-13T12:33:25.740000Z  INFO omdurman::picker: placing unit section_name=Mulazmin_I col=0 row=1 coord.q=16 coord.r=15
2026-09-13T12:33:25.757170Z  INFO omdurman::events: forward_local_actions: bridging LocalAction to PendingEdits
2026-09-13T12:33:25.791275Z  INFO omdurman::net_socket: applied sequenced event seq=8 uid=1643342529555745226
2026-09-13T12:33:25.940696Z  INFO omdurman::picker: placing unit section_name=Mulazmin_I col=1 row=0 coord.q=16 coord.r=15
2026-09-13T12:33:25.957489Z  INFO omdurman::events: forward_local_actions: bridging LocalAction to PendingEdits
2026-09-13T12:33:25.990171Z  INFO omdurman::net_socket: applied sequenced event seq=9 uid=1643342529555745227
2026-09-13T12:33:26.156819Z  INFO omdurman::picker: placing unit section_name=Mulazmin_I col=1 row=1 coord.q=16 coord.r=15
2026-09-13T12:33:26.173535Z  INFO omdurman::events: forward_local_actions: bridging LocalAction to PendingEdits
2026-09-13T12:33:26.173818Z  INFO omdurman::net_plugin: retransmitting unconfirmed submissions pending=1 stall_secs=0.0
2026-09-13T12:33:26.207230Z  INFO omdurman::net_socket: applied sequenced event seq=10 uid=1643342529555745228
2026-09-13T12:33:26.207251Z  INFO omdurman::net_socket: dropping sequenced delivery of an already-applied event seq=10 uid=1643342529555745228 last_applied=Some(10)
2026-09-13T12:33:26.740088Z  INFO omdurman::picker: placing unit section_name=Mulazmin_I col=2 row=0 coord.q=17 coord.r=15
2026-09-13T12:33:26.756839Z  INFO omdurman::events: forward_local_actions: bridging LocalAction to PendingEdits
2026-09-13T12:33:26.757097Z  INFO omdurman::net_plugin: retransmitting unconfirmed submissions pending=1 stall_secs=0.0
2026-09-13T12:33:26.773745Z  INFO omdurman::net_socket: guest: retrying snapshot request next_seq=0 last_applied=Some(10) is_host=false unconfirmed=1
2026-09-13T12:33:26.791378Z  INFO omdurman::net_socket: applied sequenced event seq=11 uid=1643342529555745229
2026-09-13T12:33:26.791402Z  INFO omdurman::net_socket: dropping sequenced delivery of an already-applied event seq=11 uid=1643342529555745229 last_applied=Some(11)
2026-09-13T12:33:26.806545Z  INFO omdurman::net_socket: ignoring game history that is not ahead of local state
2026-09-13T12:33:26.923583Z  INFO omdurman::picker: placing unit section_name=Mulazmin_I col=2 row=1 coord.q=17 coord.r=15
2026-09-13T12:33:26.939634Z  INFO omdurman::events: forward_local_actions: bridging LocalAction to PendingEdits
2026-09-13T12:33:26.974971Z  INFO omdurman::net_socket: applied sequenced event seq=12 uid=1643342529555745230
2026-09-13T12:33:27.089500Z  INFO omdurman::picker: placing unit section_name=Mulazmin_I col=3 row=0 coord.q=17 coord.r=15
2026-09-13T12:33:27.106800Z  INFO omdurman::events: forward_local_actions: bridging LocalAction to PendingEdits
2026-09-13T12:33:27.139872Z  INFO omdurman::net_socket: applied sequenced event seq=13 uid=1643342529555745231
2026-09-13T12:33:27.240300Z  INFO omdurman::picker: placing unit section_name=Mulazmin_I col=3 row=1 coord.q=17 coord.r=15
2026-09-13T12:33:27.257484Z  INFO omdurman::events: forward_local_actions: bridging LocalAction to PendingEdits
2026-09-13T12:33:27.257840Z  INFO omdurman::net_plugin: retransmitting unconfirmed submissions pending=1 stall_secs=0.0
2026-09-13T12:33:27.290425Z  INFO omdurman::net_socket: applied sequenced event seq=14 uid=1643342529555745232
2026-09-13T12:33:27.290450Z  INFO omdurman::net_socket: dropping sequenced delivery of an already-applied event seq=14 uid=1643342529555745232 last_applied=Some(14)
2026-09-13T12:33:27.790304Z  INFO omdurman::picker: placing unit section_name=Mulazmin_I col=4 row=0 coord.q=18 coord.r=15
2026-09-13T12:33:27.807797Z  INFO omdurman::events: forward_local_actions: bridging LocalAction to PendingEdits
2026-09-13T12:33:27.808096Z  INFO omdurman::net_plugin: retransmitting unconfirmed submissions pending=1 stall_secs=0.0
2026-09-13T12:33:27.841314Z  INFO omdurman::net_socket: applied sequenced event seq=15 uid=1643342529555745233
2026-09-13T12:33:27.841344Z  INFO omdurman::net_socket: dropping sequenced delivery of an already-applied event seq=15 uid=1643342529555745233 last_applied=Some(15)
2026-09-13T12:33:27.941090Z  INFO omdurman::picker: placing unit section_name=Mulazmin_I col=4 row=1 coord.q=18 coord.r=15
2026-09-13T12:33:27.958551Z  INFO omdurman::events: forward_local_actions: bridging LocalAction to PendingEdits
2026-09-13T12:33:27.991137Z  INFO omdurman::net_socket: applied sequenced event seq=16 uid=1643342529555745234
2026-09-13T12:33:28.107719Z  INFO omdurman::picker: placing unit section_name=Mulazmin_I col=5 row=0 coord.q=18 coord.r=15
2026-09-13T12:33:28.125064Z  INFO omdurman::events: forward_local_actions: bridging LocalAction to PendingEdits
2026-09-13T12:33:28.158737Z  INFO omdurman::net_socket: applied sequenced event seq=17 uid=1643342529555745235
2026-09-13T12:33:28.240689Z  INFO omdurman::picker: placing unit section_name=Mulazmin_I col=5 row=1 coord.q=18 coord.r=15
2026-09-13T12:33:28.257528Z  INFO omdurman::events: forward_local_actions: bridging LocalAction to PendingEdits
2026-09-13T12:33:28.290738Z  INFO omdurman::net_socket: applied sequenced event seq=18 uid=1643342529555745236
2026-09-13T12:33:28.774143Z  INFO omdurman::net_socket: guest: retrying snapshot request next_seq=0 last_applied=Some(18) is_host=false unconfirmed=0
2026-09-13T12:33:28.808915Z  INFO omdurman::net_socket: ignoring game history that is not ahead of local state
2026-09-13T12:33:28.824786Z  INFO omdurman::picker: placing unit section_name=Mulazmin_I col=6 row=0 coord.q=19 coord.r=15
2026-09-13T12:33:28.841205Z  INFO omdurman::events: forward_local_actions: bridging LocalAction to PendingEdits
2026-09-13T12:33:28.841480Z  INFO omdurman::net_plugin: retransmitting unconfirmed submissions pending=1 stall_secs=0.0
2026-09-13T12:33:28.874080Z  INFO omdurman::net_socket: applied sequenced event seq=19 uid=1643342529555745237
2026-09-13T12:33:28.874124Z  INFO omdurman::net_socket: dropping sequenced delivery of an already-applied event seq=19 uid=1643342529555745237 last_applied=Some(19)
2026-09-13T12:33:28.974493Z  INFO omdurman::picker: placing unit section_name=Mulazmin_I col=6 row=1 coord.q=19 coord.r=15
2026-09-13T12:33:28.991033Z  INFO omdurman::events: forward_local_actions: bridging LocalAction to PendingEdits
2026-09-13T12:33:29.024663Z  INFO omdurman::net_socket: applied sequenced event seq=20 uid=1643342529555745238
2026-09-13T12:33:29.124411Z  INFO omdurman::picker: placing unit section_name=Mulazmin_I col=7 row=0 coord.q=19 coord.r=15
2026-09-13T12:33:29.141638Z  INFO omdurman::events: forward_local_actions: bridging LocalAction to PendingEdits
2026-09-13T12:33:29.174589Z  INFO omdurman::net_socket: applied sequenced event seq=21 uid=1643342529555745239
2026-09-13T12:33:29.257337Z  INFO omdurman::picker: placing unit section_name=Mulazmin_I col=7 row=1 coord.q=19 coord.r=15
2026-09-13T12:33:29.274220Z  INFO omdurman::events: forward_local_actions: bridging LocalAction to PendingEdits
2026-09-13T12:33:29.307580Z  INFO omdurman::net_socket: applied sequenced event seq=22 uid=1643342529555745240
2026-09-13T12:33:30.774547Z  INFO omdurman::net_socket: guest: retrying snapshot request next_seq=0 last_applied=Some(22) is_host=false unconfirmed=0
2026-09-13T12:33:31.808055Z  INFO omdurman::net_socket: ignoring game history that is not ahead of local state
2026-09-13T12:33:32.724249Z  INFO omdurman::picker: placing unit section_name=Mulazmin_II col=0 row=0 coord.q=20 coord.r=15
2026-09-13T12:33:32.742295Z  INFO omdurman::events: forward_local_actions: bridging LocalAction to PendingEdits
2026-09-13T12:33:32.742604Z  INFO omdurman::net_plugin: retransmitting unconfirmed submissions pending=1 stall_secs=0.0
2026-09-13T12:33:32.758177Z  INFO omdurman::net_socket: applied sequenced event seq=23 uid=1643342529555745241
2026-09-13T12:33:32.758197Z  INFO omdurman::net_socket: dropping sequenced delivery of an already-applied event seq=23 uid=1643342529555745241 last_applied=Some(23)
2026-09-13T12:33:32.775472Z  INFO omdurman::net_socket: guest: retrying snapshot request next_seq=0 last_applied=Some(23) is_host=false unconfirmed=0
2026-09-13T12:33:32.807403Z  INFO omdurman::net_socket: ignoring game history that is not ahead of local state
2026-09-13T12:33:32.874770Z  INFO omdurman::picker: placing unit section_name=Mulazmin_II col=0 row=1 coord.q=20 coord.r=15
2026-09-13T12:33:32.891287Z  INFO omdurman::events: forward_local_actions: bridging LocalAction to PendingEdits
2026-09-13T12:33:32.924131Z  INFO omdurman::net_socket: applied sequenced event seq=24 uid=1643342529555745242
2026-09-13T12:33:33.024201Z  INFO omdurman::picker: placing unit section_name=Mulazmin_II col=1 row=0 coord.q=20 coord.r=15
2026-09-13T12:33:33.040625Z  INFO omdurman::events: forward_local_actions: bridging LocalAction to PendingEdits
2026-09-13T12:33:33.074334Z  INFO omdurman::net_socket: applied sequenced event seq=25 uid=1643342529555745243
2026-09-13T12:33:33.174532Z  INFO omdurman::picker: placing unit section_name=Mulazmin_II col=1 row=1 coord.q=20 coord.r=15
2026-09-13T12:33:33.190004Z  INFO omdurman::events: forward_local_actions: bridging LocalAction to PendingEdits
2026-09-13T12:33:33.224776Z  INFO omdurman::net_socket: applied sequenced event seq=26 uid=1643342529555745244
2026-09-13T12:33:33.591435Z  INFO omdurman::picker: placing unit section_name=Mulazmin_II col=2 row=0 coord.q=21 coord.r=15
2026-09-13T12:33:33.608335Z  INFO omdurman::events: forward_local_actions: bridging LocalAction to PendingEdits
2026-09-13T12:33:33.608587Z  INFO omdurman::net_plugin: retransmitting unconfirmed submissions pending=1 stall_secs=0.0
2026-09-13T12:33:33.642278Z  INFO omdurman::net_socket: applied sequenced event seq=27 uid=1643342529555745245
2026-09-13T12:33:33.642316Z  INFO omdurman::net_socket: dropping sequenced delivery of an already-applied event seq=27 uid=1643342529555745245 last_applied=Some(27)
2026-09-13T12:33:33.758989Z  INFO omdurman::picker: placing unit section_name=Mulazmin_II col=2 row=1 coord.q=21 coord.r=15
2026-09-13T12:33:33.776578Z  INFO omdurman::events: forward_local_actions: bridging LocalAction to PendingEdits
2026-09-13T12:33:33.807284Z  INFO omdurman::net_socket: applied sequenced event seq=28 uid=1643342529555745246
2026-09-13T12:33:33.907598Z  INFO omdurman::picker: placing unit section_name=Mulazmin_II col=3 row=0 coord.q=21 coord.r=15
2026-09-13T12:33:33.923498Z  INFO omdurman::events: forward_local_actions: bridging LocalAction to PendingEdits
2026-09-13T12:33:33.956543Z  INFO omdurman::net_socket: applied sequenced event seq=29 uid=1643342529555745247
2026-09-13T12:33:34.057427Z  INFO omdurman::picker: placing unit section_name=Mulazmin_II col=3 row=1 coord.q=21 coord.r=15
2026-09-13T12:33:34.073219Z  INFO omdurman::events: forward_local_actions: bridging LocalAction to PendingEdits
2026-09-13T12:33:34.106225Z  INFO omdurman::net_socket: applied sequenced event seq=30 uid=1643342529555745248
2026-09-13T12:33:34.789988Z  INFO omdurman::net_socket: guest: retrying snapshot request next_seq=0 last_applied=Some(30) is_host=false unconfirmed=0
2026-09-13T12:33:34.824146Z  INFO omdurman::net_socket: ignoring game history that is not ahead of local state
2026-09-13T12:33:36.791406Z  INFO omdurman::net_socket: guest: retrying snapshot request next_seq=0 last_applied=Some(30) is_host=false unconfirmed=0
2026-09-13T12:33:36.824863Z  INFO omdurman::net_socket: ignoring game history that is not ahead of local state
2026-09-13T12:33:38.792451Z  INFO omdurman::net_socket: guest: retrying snapshot request next_seq=0 last_applied=Some(30) is_host=false unconfirmed=0
2026-09-13T12:33:38.825870Z  INFO omdurman::net_socket: ignoring game history that is not ahead of local state
2026-09-13T12:33:39.509220Z  INFO omdurman::picker: placing unit section_name=Mulazmin_II col=4 row=0 coord.q=22 coord.r=15
2026-09-13T12:33:39.525226Z  INFO omdurman::events: forward_local_actions: bridging LocalAction to PendingEdits
2026-09-13T12:33:39.525533Z  INFO omdurman::net_plugin: retransmitting unconfirmed submissions pending=1 stall_secs=0.0
2026-09-13T12:33:39.561052Z  INFO omdurman::net_socket: applied sequenced event seq=31 uid=1643342529555745249
2026-09-13T12:33:39.561086Z  INFO omdurman::net_socket: dropping sequenced delivery of an already-applied event seq=31 uid=1643342529555745249 last_applied=Some(31)
2026-09-13T12:33:39.657654Z  INFO omdurman::picker: placing unit section_name=Mulazmin_II col=4 row=1 coord.q=22 coord.r=15
2026-09-13T12:33:39.673405Z  INFO omdurman::events: forward_local_actions: bridging LocalAction to PendingEdits
2026-09-13T12:33:39.707951Z  INFO omdurman::net_socket: applied sequenced event seq=32 uid=1643342529555745250
2026-09-13T12:33:39.823977Z  INFO omdurman::picker: placing unit section_name=Mulazmin_II col=5 row=0 coord.q=22 coord.r=15
2026-09-13T12:33:39.840023Z  INFO omdurman::events: forward_local_actions: bridging LocalAction to PendingEdits
2026-09-13T12:33:39.873912Z  INFO omdurman::net_socket: applied sequenced event seq=33 uid=1643342529555745251
2026-09-13T12:33:39.973529Z  INFO omdurman::picker: placing unit section_name=Mulazmin_II col=5 row=1 coord.q=22 coord.r=15
2026-09-13T12:33:39.991367Z  INFO omdurman::events: forward_local_actions: bridging LocalAction to PendingEdits
2026-09-13T12:33:40.024019Z  INFO omdurman::net_socket: applied sequenced event seq=34 uid=1643342529555745252
2026-09-13T12:33:40.624828Z  INFO omdurman::picker: placing unit section_name=Mulazmin_II col=6 row=0 coord.q=23 coord.r=15
2026-09-13T12:33:40.641177Z  INFO omdurman::events: forward_local_actions: bridging LocalAction to PendingEdits
2026-09-13T12:33:40.641449Z  INFO omdurman::net_plugin: retransmitting unconfirmed submissions pending=1 stall_secs=0.0
2026-09-13T12:33:40.674249Z  INFO omdurman::net_socket: applied sequenced event seq=35 uid=1643342529555745253
2026-09-13T12:33:40.674279Z  INFO omdurman::net_socket: dropping sequenced delivery of an already-applied event seq=35 uid=1643342529555745253 last_applied=Some(35)
2026-09-13T12:33:40.757867Z  INFO omdurman::picker: placing unit section_name=Mulazmin_II col=6 row=1 coord.q=23 coord.r=15
2026-09-13T12:33:40.773783Z  INFO omdurman::events: forward_local_actions: bridging LocalAction to PendingEdits
2026-09-13T12:33:40.807446Z  INFO omdurman::net_socket: applied sequenced event seq=36 uid=1643342529555745254
2026-09-13T12:33:40.807601Z  INFO omdurman::net_socket: guest: retrying snapshot request next_seq=0 last_applied=Some(36) is_host=false unconfirmed=0
2026-09-13T12:33:40.840530Z  INFO omdurman::net_socket: ignoring game history that is not ahead of local state
2026-09-13T12:33:40.907234Z  INFO omdurman::picker: placing unit section_name=Mulazmin_II col=7 row=0 coord.q=23 coord.r=15
2026-09-13T12:33:40.925131Z  INFO omdurman::events: forward_local_actions: bridging LocalAction to PendingEdits
2026-09-13T12:33:40.957580Z  INFO omdurman::net_socket: applied sequenced event seq=37 uid=1643342529555745255
2026-09-13T12:33:41.073370Z  INFO omdurman::picker: placing unit section_name=Mulazmin_II col=7 row=1 coord.q=23 coord.r=15
2026-09-13T12:33:41.090433Z  INFO omdurman::events: forward_local_actions: bridging LocalAction to PendingEdits
2026-09-13T12:33:41.124611Z  INFO omdurman::net_socket: applied sequenced event seq=38 uid=1643342529555745256
2026-09-13T12:33:42.808417Z  INFO omdurman::net_socket: guest: retrying snapshot request next_seq=0 last_applied=Some(38) is_host=false unconfirmed=0
2026-09-13T12:33:42.841676Z  INFO omdurman::net_socket: ignoring game history that is not ahead of local state
2026-09-13T12:33:44.042952Z  INFO omdurman::picker: placing unit section_name=Ali_Wad_Helu col=0 row=1 coord.q=24 coord.r=15
2026-09-13T12:33:44.060091Z  INFO omdurman::events: forward_local_actions: bridging LocalAction to PendingEdits
2026-09-13T12:33:44.060430Z  INFO omdurman::net_plugin: retransmitting unconfirmed submissions pending=1 stall_secs=0.0
2026-09-13T12:33:44.091826Z  INFO omdurman::net_socket: applied sequenced event seq=39 uid=1643342529555745257
2026-09-13T12:33:44.091867Z  INFO omdurman::net_socket: dropping sequenced delivery of an already-applied event seq=39 uid=1643342529555745257 last_applied=Some(39)
2026-09-13T12:33:44.808174Z  INFO omdurman::net_socket: guest: retrying snapshot request next_seq=0 last_applied=Some(39) is_host=false unconfirmed=0
2026-09-13T12:33:44.842303Z  INFO omdurman::net_socket: ignoring game history that is not ahead of local state
2026-09-13T12:33:46.821818Z  INFO omdurman::net_socket: guest: retrying snapshot request next_seq=0 last_applied=Some(39) is_host=false unconfirmed=0
2026-09-13T12:33:46.854889Z  INFO omdurman::net_socket: ignoring game history that is not ahead of local state
2026-09-13T12:33:48.838865Z  INFO omdurman::net_socket: guest: retrying snapshot request next_seq=0 last_applied=Some(39) is_host=false unconfirmed=0
2026-09-13T12:33:48.871944Z  INFO omdurman::net_socket: ignoring game history that is not ahead of local state
2026-09-13T12:33:50.306212Z  INFO omdurman::picker: placing unit section_name=Ali_Wad_Helu col=1 row=0 coord.q=25 coord.r=15
2026-09-13T12:33:50.324189Z  INFO omdurman::events: forward_local_actions: bridging LocalAction to PendingEdits
2026-09-13T12:33:50.324521Z  INFO omdurman::net_plugin: retransmitting unconfirmed submissions pending=1 stall_secs=0.0
2026-09-13T12:33:50.357290Z  INFO omdurman::net_socket: applied sequenced event seq=40 uid=1643342529555745258
2026-09-13T12:33:50.357314Z  INFO omdurman::net_socket: dropping sequenced delivery of an already-applied event seq=40 uid=1643342529555745258 last_applied=Some(40)
2026-09-13T12:33:50.772857Z  INFO omdurman::picker: placing unit section_name=Ali_Wad_Helu col=1 row=1 coord.q=24 coord.r=15
2026-09-13T12:33:50.789293Z  INFO omdurman::events: forward_local_actions: bridging LocalAction to PendingEdits
2026-09-13T12:33:50.823571Z  INFO omdurman::net_socket: applied sequenced event seq=41 uid=1643342529555745259
2026-09-13T12:33:50.839559Z  INFO omdurman::net_socket: guest: retrying snapshot request next_seq=0 last_applied=Some(41) is_host=false unconfirmed=0
2026-09-13T12:33:50.873465Z  INFO omdurman::net_socket: ignoring game history that is not ahead of local state
2026-09-13T12:33:51.275169Z  INFO omdurman::picker: placing unit section_name=Ali_Wad_Helu col=2 row=0 coord.q=25 coord.r=15
2026-09-13T12:33:51.291820Z  INFO omdurman::events: forward_local_actions: bridging LocalAction to PendingEdits
2026-09-13T12:33:51.292067Z  INFO omdurman::net_plugin: retransmitting unconfirmed submissions pending=1 stall_secs=0.0
2026-09-13T12:33:51.324135Z  INFO omdurman::net_socket: applied sequenced event seq=42 uid=1643342529555745260
2026-09-13T12:33:51.324179Z  INFO omdurman::net_socket: dropping sequenced delivery of an already-applied event seq=42 uid=1643342529555745260 last_applied=Some(42)
2026-09-13T12:33:51.875127Z  INFO omdurman::picker: placing unit section_name=Ali_Wad_Helu col=2 row=1 coord.q=24 coord.r=15
2026-09-13T12:33:51.892026Z  INFO omdurman::events: forward_local_actions: bridging LocalAction to PendingEdits
2026-09-13T12:33:51.892384Z  INFO omdurman::net_plugin: retransmitting unconfirmed submissions pending=1 stall_secs=0.0
2026-09-13T12:33:51.925164Z  INFO omdurman::net_socket: applied sequenced event seq=43 uid=1643342529555745261
2026-09-13T12:33:51.925207Z  INFO omdurman::net_socket: dropping sequenced delivery of an already-applied event seq=43 uid=1643342529555745261 last_applied=Some(43)
2026-09-13T12:33:52.440685Z  INFO omdurman::picker: placing unit section_name=Ali_Wad_Helu col=3 row=0 coord.q=25 coord.r=15
2026-09-13T12:33:52.457898Z  INFO omdurman::events: forward_local_actions: bridging LocalAction to PendingEdits
2026-09-13T12:33:52.458354Z  INFO omdurman::net_plugin: retransmitting unconfirmed submissions pending=1 stall_secs=0.0
2026-09-13T12:33:52.491397Z  INFO omdurman::net_socket: applied sequenced event seq=44 uid=1643342529555745262
2026-09-13T12:33:52.491417Z  INFO omdurman::net_socket: dropping sequenced delivery of an already-applied event seq=44 uid=1643342529555745262 last_applied=Some(44)
2026-09-13T12:33:52.841162Z  INFO omdurman::net_socket: guest: retrying snapshot request next_seq=0 last_applied=Some(44) is_host=false unconfirmed=0
2026-09-13T12:33:52.874817Z  INFO omdurman::net_socket: ignoring game history that is not ahead of local state
2026-09-13T12:33:53.324712Z  INFO omdurman::picker: placing unit section_name=Ali_Wad_Helu col=3 row=1 coord.q=24 coord.r=15
2026-09-13T12:33:53.340885Z  INFO omdurman::events: forward_local_actions: bridging LocalAction to PendingEdits
2026-09-13T12:33:53.341165Z  INFO omdurman::net_plugin: retransmitting unconfirmed submissions pending=1 stall_secs=0.0
2026-09-13T12:33:53.374831Z  INFO omdurman::net_socket: applied sequenced event seq=45 uid=1643342529555745263
2026-09-13T12:33:53.374851Z  INFO omdurman::net_socket: dropping sequenced delivery of an already-applied event seq=45 uid=1643342529555745263 last_applied=Some(45)
2026-09-13T12:33:54.024800Z  INFO omdurman::picker: placing unit section_name=Ali_Wad_Helu col=4 row=0 coord.q=25 coord.r=15
2026-09-13T12:33:54.041778Z  INFO omdurman::events: forward_local_actions: bridging LocalAction to PendingEdits
2026-09-13T12:33:54.042081Z  INFO omdurman::net_plugin: retransmitting unconfirmed submissions pending=1 stall_secs=0.0
2026-09-13T12:33:54.075275Z  INFO omdurman::net_socket: applied sequenced event seq=46 uid=1643342529555745264
2026-09-13T12:33:54.075304Z  INFO omdurman::net_socket: dropping sequenced delivery of an already-applied event seq=46 uid=1643342529555745264 last_applied=Some(46)
2026-09-13T12:33:54.842218Z  INFO omdurman::net_socket: guest: retrying snapshot request next_seq=0 last_applied=Some(46) is_host=false unconfirmed=0
2026-09-13T12:33:54.875396Z  INFO omdurman::net_socket: ignoring game history that is not ahead of local state
2026-09-13T12:33:56.358739Z  INFO omdurman::picker: placing unit section_name=Ali_Wad_Helu col=4 row=1 coord.q=25 coord.r=14
2026-09-13T12:33:56.375182Z  INFO omdurman::events: forward_local_actions: bridging LocalAction to PendingEdits
2026-09-13T12:33:56.375474Z  INFO omdurman::net_plugin: retransmitting unconfirmed submissions pending=1 stall_secs=0.0
2026-09-13T12:33:56.407912Z  INFO omdurman::net_socket: applied sequenced event seq=47 uid=1643342529555745265
2026-09-13T12:33:56.407946Z  INFO omdurman::net_socket: dropping sequenced delivery of an already-applied event seq=47 uid=1643342529555745265 last_applied=Some(47)
2026-09-13T12:33:56.857841Z  INFO omdurman::net_socket: guest: retrying snapshot request next_seq=0 last_applied=Some(47) is_host=false unconfirmed=0
2026-09-13T12:33:56.891072Z  INFO omdurman::net_socket: ignoring game history that is not ahead of local state
2026-09-13T12:33:57.789113Z  INFO omdurman::picker: placing unit section_name=Ali_Wad_Helu col=5 row=0 coord.q=24 coord.r=13
2026-09-13T12:33:57.806940Z  INFO omdurman::events: forward_local_actions: bridging LocalAction to PendingEdits
2026-09-13T12:33:57.807325Z  INFO omdurman::net_plugin: retransmitting unconfirmed submissions pending=1 stall_secs=0.0
2026-09-13T12:33:57.840434Z  INFO omdurman::net_socket: applied sequenced event seq=48 uid=1643342529555745266
2026-09-13T12:33:57.840454Z  INFO omdurman::net_socket: dropping sequenced delivery of an already-applied event seq=48 uid=1643342529555745266 last_applied=Some(48)
2026-09-13T12:33:58.507421Z  INFO omdurman::picker: placing unit section_name=Ali_Wad_Helu col=5 row=1 coord.q=25 coord.r=14
2026-09-13T12:33:58.523877Z  INFO omdurman::events: forward_local_actions: bridging LocalAction to PendingEdits
2026-09-13T12:33:58.524096Z  INFO omdurman::net_plugin: retransmitting unconfirmed submissions pending=1 stall_secs=0.0
2026-09-13T12:33:58.558621Z  INFO omdurman::net_socket: applied sequenced event seq=49 uid=1643342529555745267
2026-09-13T12:33:58.558646Z  INFO omdurman::net_socket: dropping sequenced delivery of an already-applied event seq=49 uid=1643342529555745267 last_applied=Some(49)
2026-09-13T12:33:58.874419Z  INFO omdurman::net_socket: guest: retrying snapshot request next_seq=0 last_applied=Some(49) is_host=false unconfirmed=0
2026-09-13T12:33:58.907065Z  INFO omdurman::net_socket: ignoring game history that is not ahead of local state
2026-09-13T12:34:00.874550Z  INFO omdurman::net_socket: guest: retrying snapshot request next_seq=0 last_applied=Some(49) is_host=false unconfirmed=0
2026-09-13T12:34:00.903088Z  INFO omdurman::net_socket: ignoring game history that is not ahead of local state
2026-09-13T12:34:02.890671Z  INFO omdurman::net_socket: guest: retrying snapshot request next_seq=0 last_applied=Some(49) is_host=false unconfirmed=0
2026-09-13T12:34:02.922697Z  INFO omdurman::net_socket: ignoring game history that is not ahead of local state
2026-09-13T12:34:02.922855Z  INFO omdurman::picker: placing unit section_name=Khalifa_Abdullah col=0 row=1 coord.q=23 coord.r=11
2026-09-13T12:34:02.939892Z  INFO omdurman::events: forward_local_actions: bridging LocalAction to PendingEdits
2026-09-13T12:34:02.940258Z  INFO omdurman::net_plugin: retransmitting unconfirmed submissions pending=1 stall_secs=0.0
2026-09-13T12:34:02.973093Z  INFO omdurman::net_socket: applied sequenced event seq=50 uid=1643342529555745268
2026-09-13T12:34:02.973129Z  INFO omdurman::net_socket: dropping sequenced delivery of an already-applied event seq=50 uid=1643342529555745268 last_applied=Some(50)
2026-09-13T12:34:03.755999Z  INFO omdurman::picker: placing unit section_name=Khalifa_Abdullah col=1 row=1 coord.q=22 coord.r=9
2026-09-13T12:34:03.773833Z  INFO omdurman::events: forward_local_actions: bridging LocalAction to PendingEdits
2026-09-13T12:34:03.774133Z  INFO omdurman::net_plugin: retransmitting unconfirmed submissions pending=1 stall_secs=0.0
2026-09-13T12:34:03.806429Z  INFO omdurman::net_socket: applied sequenced event seq=51 uid=1643342529555745269
2026-09-13T12:34:03.806463Z  INFO omdurman::net_socket: dropping sequenced delivery of an already-applied event seq=51 uid=1643342529555745269 last_applied=Some(51)
2026-09-13T12:34:04.907667Z  INFO omdurman::net_socket: guest: retrying snapshot request next_seq=0 last_applied=Some(51) is_host=false unconfirmed=0
2026-09-13T12:34:05.140509Z  INFO omdurman::net_socket: ignoring game history that is not ahead of local state
2026-09-13T12:34:06.924251Z  INFO omdurman::net_socket: guest: retrying snapshot request next_seq=0 last_applied=Some(51) is_host=false unconfirmed=0
2026-09-13T12:34:06.957972Z  INFO omdurman::net_socket: ignoring game history that is not ahead of local state
2026-09-13T12:34:07.424648Z  INFO omdurman::picker: placing unit section_name=Khalifa_Abdullah col=2 row=1 coord.q=23 coord.r=10
2026-09-13T12:34:07.441387Z  INFO omdurman::events: forward_local_actions: bridging LocalAction to PendingEdits
2026-09-13T12:34:07.441621Z  INFO omdurman::net_plugin: retransmitting unconfirmed submissions pending=1 stall_secs=0.0
2026-09-13T12:34:07.474501Z  INFO omdurman::net_socket: applied sequenced event seq=52 uid=1643342529555745270
2026-09-13T12:34:07.474533Z  INFO omdurman::net_socket: dropping sequenced delivery of an already-applied event seq=52 uid=1643342529555745270 last_applied=Some(52)
2026-09-13T12:34:08.937944Z  INFO omdurman::net_socket: guest: retrying snapshot request next_seq=0 last_applied=Some(52) is_host=false unconfirmed=0
2026-09-13T12:34:09.173113Z  INFO omdurman::net_socket: ignoring game history that is not ahead of local state
2026-09-13T12:34:10.946907Z  INFO omdurman::net_socket: guest: retrying snapshot request next_seq=0 last_applied=Some(52) is_host=false unconfirmed=0
2026-09-13T12:34:10.963173Z  INFO omdurman::net_socket: ignoring game history that is not ahead of local state
2026-09-13T12:34:11.714649Z  INFO omdurman::picker: placing unit section_name=Hadendowa col=0 row=1 coord.q=15 coord.r=15
2026-09-13T12:34:11.731115Z  INFO omdurman::events: forward_local_actions: bridging LocalAction to PendingEdits
2026-09-13T12:34:11.731382Z  INFO omdurman::net_plugin: retransmitting unconfirmed submissions pending=1 stall_secs=0.0
2026-09-13T12:34:11.764328Z  INFO omdurman::net_socket: applied sequenced event seq=53 uid=1643342529555745271
2026-09-13T12:34:11.764351Z  INFO omdurman::net_socket: dropping sequenced delivery of an already-applied event seq=53 uid=1643342529555745271 last_applied=Some(53)
2026-09-13T12:34:12.949762Z  INFO omdurman::net_socket: guest: retrying snapshot request next_seq=0 last_applied=Some(53) is_host=false unconfirmed=0
2026-09-13T12:34:13.183340Z  INFO omdurman::net_socket: ignoring game history that is not ahead of local state
2026-09-13T12:34:14.018323Z  INFO omdurman::picker: placing unit section_name=Hadendowa col=1 row=1 coord.q=24 coord.r=12
2026-09-13T12:34:14.035562Z  INFO omdurman::events: forward_local_actions: bridging LocalAction to PendingEdits
2026-09-13T12:34:14.035817Z  INFO omdurman::net_plugin: retransmitting unconfirmed submissions pending=1 stall_secs=0.0
2026-09-13T12:34:14.069804Z  INFO omdurman::net_socket: applied sequenced event seq=54 uid=1643342529555745272
2026-09-13T12:34:14.069868Z  INFO omdurman::net_socket: dropping sequenced delivery of an already-applied event seq=54 uid=1643342529555745272 last_applied=Some(54)
2026-09-13T12:34:14.952542Z  INFO omdurman::net_socket: guest: retrying snapshot request next_seq=0 last_applied=Some(54) is_host=false unconfirmed=0
2026-09-13T12:34:14.985579Z  INFO omdurman::net_socket: ignoring game history that is not ahead of local state
2026-09-13T12:34:16.954284Z  INFO omdurman::net_socket: guest: retrying snapshot request next_seq=0 last_applied=Some(54) is_host=false unconfirmed=0
2026-09-13T12:34:16.987724Z  INFO omdurman::net_socket: ignoring game history that is not ahead of local state
2026-09-13T12:34:18.956752Z  INFO omdurman::net_socket: guest: retrying snapshot request next_seq=0 last_applied=Some(54) is_host=false unconfirmed=0
2026-09-13T12:34:18.989810Z  INFO omdurman::net_socket: ignoring game history that is not ahead of local state
2026-09-13T12:34:20.971466Z  INFO omdurman::net_socket: guest: retrying snapshot request next_seq=0 last_applied=Some(54) is_host=false unconfirmed=0
2026-09-13T12:34:21.004294Z  INFO omdurman::net_socket: ignoring game history that is not ahead of local state
2026-09-13T12:34:22.974313Z  INFO omdurman::net_socket: guest: retrying snapshot request next_seq=0 last_applied=Some(54) is_host=false unconfirmed=0
2026-09-13T12:34:23.006837Z  INFO omdurman::net_socket: ignoring game history that is not ahead of local state
2026-09-13T12:34:24.990128Z  INFO omdurman::net_socket: guest: retrying snapshot request next_seq=0 last_applied=Some(54) is_host=false unconfirmed=0
2026-09-13T12:34:25.023679Z  INFO omdurman::net_socket: ignoring game history that is not ahead of local state
2026-09-13T12:34:26.991138Z  INFO omdurman::net_socket: guest: retrying snapshot request next_seq=0 last_applied=Some(54) is_host=false unconfirmed=0
2026-09-13T12:34:27.024378Z  INFO omdurman::net_socket: ignoring game history that is not ahead of local state
2026-09-13T12:34:28.992759Z  INFO omdurman::net_socket: guest: retrying snapshot request next_seq=0 last_applied=Some(54) is_host=false unconfirmed=0
2026-09-13T12:34:29.027762Z  INFO omdurman::net_socket: ignoring game history that is not ahead of local state
2026-09-13T12:34:30.406335Z  INFO omdurman::net_plugin: retransmitting unconfirmed submissions pending=1 stall_secs=0.0
2026-09-13T12:34:30.439843Z  INFO omdurman::net_socket: applied sequenced event seq=55 uid=1643342529555745273
2026-09-13T12:34:30.439909Z  INFO omdurman::net_socket: dropping sequenced delivery of an already-applied event seq=55 uid=1643342529555745273 last_applied=Some(55)
2026-09-13T12:34:31.007990Z  INFO omdurman::net_socket: guest: retrying snapshot request next_seq=0 last_applied=Some(55) is_host=false unconfirmed=0
2026-09-13T12:34:31.040751Z  INFO omdurman::net_socket: ignoring game history that is not ahead of local state
2026-09-13T12:34:33.023267Z  INFO omdurman::net_socket: guest: retrying snapshot request next_seq=0 last_applied=Some(55) is_host=false unconfirmed=0
2026-09-13T12:34:33.059057Z  INFO omdurman::net_socket: ignoring game history that is not ahead of local state
2026-09-13T12:34:35.029676Z  INFO omdurman::net_socket: guest: retrying snapshot request next_seq=0 last_applied=Some(55) is_host=false unconfirmed=0
2026-09-13T12:34:35.064192Z  INFO omdurman::net_socket: ignoring game history that is not ahead of local state
2026-09-13T12:34:36.766390Z  INFO omdurman::net_socket: applied sequenced event seq=56 uid=10372213969454910469
2026-09-13T12:34:36.766432Z  INFO omdurman::net_socket: dropping sequenced delivery of an already-applied event seq=56 uid=10372213969454910469 last_applied=Some(56)
2026-09-13T12:34:37.032552Z  INFO omdurman::net_socket: guest: retrying snapshot request next_seq=0 last_applied=Some(56) is_host=false unconfirmed=0
2026-09-13T12:34:37.066671Z  INFO omdurman::net_socket: ignoring game history that is not ahead of local state
2026-09-13T12:34:37.734901Z  INFO omdurman::net_socket: applied sequenced event seq=57 uid=10372213969454910470
2026-09-13T12:34:37.734949Z  INFO omdurman::net_socket: dropping sequenced delivery of an already-applied event seq=57 uid=10372213969454910470 last_applied=Some(57)
2026-09-13T12:34:39.035702Z  INFO omdurman::net_socket: guest: retrying snapshot request next_seq=0 last_applied=Some(57) is_host=false unconfirmed=0
2026-09-13T12:34:39.070416Z  INFO omdurman::net_socket: ignoring game history that is not ahead of local state
2026-09-13T12:34:41.037861Z  INFO omdurman::net_socket: guest: retrying snapshot request next_seq=0 last_applied=Some(57) is_host=false unconfirmed=0
2026-09-13T12:34:41.071717Z  INFO omdurman::net_socket: ignoring game history that is not ahead of local state
2026-09-13T12:34:43.039160Z  INFO omdurman::net_socket: guest: retrying snapshot request next_seq=0 last_applied=Some(57) is_host=false unconfirmed=0
2026-09-13T12:34:43.056915Z  INFO omdurman::net_socket: ignoring game history that is not ahead of local state
2026-09-13T12:34:44.856751Z  INFO omdurman::net_socket: applied sequenced event seq=58 uid=10372213969454910471
2026-09-13T12:34:44.856797Z  INFO omdurman::net_socket: dropping sequenced delivery of an already-applied event seq=58 uid=10372213969454910471 last_applied=Some(58)
2026-09-13T12:34:45.039873Z  INFO omdurman::net_socket: guest: retrying snapshot request next_seq=0 last_applied=Some(58) is_host=false unconfirmed=0
2026-09-13T12:34:45.073908Z  INFO omdurman::net_socket: ignoring game history that is not ahead of local state
2026-09-13T12:34:45.858841Z  INFO omdurman::net_socket: applied sequenced event seq=59 uid=10372213969454910472
2026-09-13T12:34:45.858878Z  INFO omdurman::net_socket: dropping sequenced delivery of an already-applied event seq=59 uid=10372213969454910472 last_applied=Some(59)
2026-09-13T12:34:47.041364Z  INFO omdurman::net_socket: guest: retrying snapshot request next_seq=0 last_applied=Some(59) is_host=false unconfirmed=0
2026-09-13T12:34:47.074585Z  INFO omdurman::net_socket: ignoring game history that is not ahead of local state
2026-09-13T12:34:48.224904Z  INFO omdurman::net_socket: applied sequenced event seq=60 uid=10372213969454910473
2026-09-13T12:34:48.224940Z  INFO omdurman::net_socket: dropping sequenced delivery of an already-applied event seq=60 uid=10372213969454910473 last_applied=Some(60)
2026-09-13T12:34:49.059636Z  INFO omdurman::net_socket: guest: retrying snapshot request next_seq=0 last_applied=Some(60) is_host=false unconfirmed=0
2026-09-13T12:34:49.091004Z  INFO omdurman::net_socket: ignoring game history that is not ahead of local state
2026-09-13T12:34:51.073091Z  INFO omdurman::net_socket: guest: retrying snapshot request next_seq=0 last_applied=Some(60) is_host=false unconfirmed=0
2026-09-13T12:34:51.106780Z  INFO omdurman::net_socket: ignoring game history that is not ahead of local state
2026-09-13T12:34:52.825355Z  INFO omdurman::net_socket: applied sequenced event seq=61 uid=10372213969454910474
2026-09-13T12:34:52.825406Z  INFO omdurman::net_socket: dropping sequenced delivery of an already-applied event seq=61 uid=10372213969454910474 last_applied=Some(61)
2026-09-13T12:34:53.075145Z  INFO omdurman::net_socket: guest: retrying snapshot request next_seq=0 last_applied=Some(61) is_host=false unconfirmed=0
2026-09-13T12:34:53.092785Z  INFO omdurman::net_socket: ignoring game history that is not ahead of local state
2026-09-13T12:34:55.091945Z  INFO omdurman::net_socket: guest: retrying snapshot request next_seq=0 last_applied=Some(61) is_host=false unconfirmed=0
2026-09-13T12:34:55.125030Z  INFO omdurman::net_socket: ignoring game history that is not ahead of local state
2026-09-13T12:34:55.758389Z  INFO omdurman::net_socket: applied sequenced event seq=62 uid=10372213969454910475
2026-09-13T12:34:55.758429Z  INFO omdurman::net_socket: dropping sequenced delivery of an already-applied event seq=62 uid=10372213969454910475 last_applied=Some(62)
2026-09-13T12:34:57.041229Z  INFO omdurman::net_socket: applied sequenced event seq=63 uid=10372213969454910476
2026-09-13T12:34:57.041269Z  INFO omdurman::net_socket: dropping sequenced delivery of an already-applied event seq=63 uid=10372213969454910476 last_applied=Some(63)
2026-09-13T12:34:57.092046Z  INFO omdurman::net_socket: guest: retrying snapshot request next_seq=0 last_applied=Some(63) is_host=false unconfirmed=0
2026-09-13T12:34:57.125131Z  INFO omdurman::net_socket: ignoring game history that is not ahead of local state
2026-09-13T12:34:57.474454Z  INFO omdurman::net_socket: applied sequenced event seq=64 uid=10372213969454910477
2026-09-13T12:34:58.724128Z  INFO omdurman::net_socket: applied sequenced event seq=65 uid=10372213969454910478
2026-09-13T12:34:58.724172Z  INFO omdurman::net_socket: dropping sequenced delivery of an already-applied event seq=65 uid=10372213969454910478 last_applied=Some(65)
2026-09-13T12:34:59.107856Z  INFO omdurman::net_socket: guest: retrying snapshot request next_seq=0 last_applied=Some(65) is_host=false unconfirmed=0
2026-09-13T12:34:59.141146Z  INFO omdurman::net_socket: ignoring game history that is not ahead of local state
2026-09-13T12:34:59.225038Z  INFO omdurman::net_socket: applied sequenced event seq=66 uid=10372213969454910479
2026-09-13T12:34:59.241861Z  INFO omdurman::net_socket: dropping sequenced delivery of an already-applied event seq=66 uid=10372213969454910479 last_applied=Some(66)
2026-09-13T12:35:01.107950Z  INFO omdurman::net_socket: guest: retrying snapshot request next_seq=0 last_applied=Some(66) is_host=false unconfirmed=0
2026-09-13T12:35:01.140855Z  INFO omdurman::net_socket: ignoring game history that is not ahead of local state
2026-09-13T12:35:02.909092Z  INFO omdurman::net_socket: applied sequenced event seq=67 uid=10372213969454910480
2026-09-13T12:35:02.909143Z  INFO omdurman::net_socket: dropping sequenced delivery of an already-applied event seq=67 uid=10372213969454910480 last_applied=Some(67)
2026-09-13T12:35:03.108804Z  INFO omdurman::net_socket: guest: retrying snapshot request next_seq=0 last_applied=Some(67) is_host=false unconfirmed=0
2026-09-13T12:35:03.142395Z  INFO omdurman::net_socket: ignoring game history that is not ahead of local state
2026-09-13T12:35:03.743112Z  INFO omdurman::net_socket: applied sequenced event seq=68 uid=10372213969454910481
2026-09-13T12:35:03.743152Z  INFO omdurman::net_socket: dropping sequenced delivery of an already-applied event seq=68 uid=10372213969454910481 last_applied=Some(68)
2026-09-13T12:35:05.109091Z  INFO omdurman::net_socket: guest: retrying snapshot request next_seq=0 last_applied=Some(68) is_host=false unconfirmed=0
2026-09-13T12:35:05.142228Z  INFO omdurman::net_socket: ignoring game history that is not ahead of local state
2026-09-13T12:35:07.124578Z  INFO omdurman::net_socket: guest: retrying snapshot request next_seq=0 last_applied=Some(68) is_host=false unconfirmed=0
2026-09-13T12:35:07.157503Z  INFO omdurman::net_socket: ignoring game history that is not ahead of local state
2026-09-13T12:35:09.142109Z  INFO omdurman::net_socket: guest: retrying snapshot request next_seq=0 last_applied=Some(68) is_host=false unconfirmed=0
2026-09-13T12:35:09.176162Z  INFO omdurman::net_socket: ignoring game history that is not ahead of local state
2026-09-13T12:35:11.159732Z  INFO omdurman::net_socket: guest: retrying snapshot request next_seq=0 last_applied=Some(68) is_host=false unconfirmed=0
2026-09-13T12:35:11.192948Z  INFO omdurman::net_socket: ignoring game history that is not ahead of local state
2026-09-13T12:35:11.292282Z  INFO omdurman::net_socket: applied sequenced event seq=69 uid=10372213969454910482
2026-09-13T12:35:11.292325Z  INFO omdurman::net_socket: dropping sequenced delivery of an already-applied event seq=69 uid=10372213969454910482 last_applied=Some(69)
2026-09-13T12:35:11.959364Z  INFO omdurman::net_socket: applied sequenced event seq=70 uid=10372213969454910483
2026-09-13T12:35:11.959410Z  INFO omdurman::net_socket: dropping sequenced delivery of an already-applied event seq=70 uid=10372213969454910483 last_applied=Some(70)
2026-09-13T12:35:13.176368Z  INFO omdurman::net_socket: guest: retrying snapshot request next_seq=0 last_applied=Some(70) is_host=false unconfirmed=0
2026-09-13T12:35:13.209674Z  INFO omdurman::net_socket: ignoring game history that is not ahead of local state
2026-09-13T12:35:13.743176Z  INFO omdurman::net_socket: applied sequenced event seq=71 uid=10372213969454910484
2026-09-13T12:35:13.743222Z  INFO omdurman::net_socket: dropping sequenced delivery of an already-applied event seq=71 uid=10372213969454910484 last_applied=Some(71)
2026-09-13T12:35:15.191346Z  INFO omdurman::net_socket: guest: retrying snapshot request next_seq=0 last_applied=Some(71) is_host=false unconfirmed=0
2026-09-13T12:35:15.225423Z  INFO omdurman::net_socket: ignoring game history that is not ahead of local state
2026-09-13T12:35:16.174333Z  INFO omdurman::net_socket: applied sequenced event seq=72 uid=10372213969454910485
2026-09-13T12:35:16.174411Z  INFO omdurman::net_socket: dropping sequenced delivery of an already-applied event seq=72 uid=10372213969454910485 last_applied=Some(72)
2026-09-13T12:35:17.208276Z  INFO omdurman::net_socket: guest: retrying snapshot request next_seq=0 last_applied=Some(72) is_host=false unconfirmed=0
2026-09-13T12:35:17.240967Z  INFO omdurman::net_socket: ignoring game history that is not ahead of local state
2026-09-13T12:35:19.208590Z  INFO omdurman::net_socket: guest: retrying snapshot request next_seq=0 last_applied=Some(72) is_host=false unconfirmed=0
2026-09-13T12:35:19.242101Z  INFO omdurman::net_socket: ignoring game history that is not ahead of local state
2026-09-13T12:35:21.225047Z  INFO omdurman::net_socket: guest: retrying snapshot request next_seq=0 last_applied=Some(72) is_host=false unconfirmed=0
2026-09-13T12:35:21.257638Z  INFO omdurman::net_socket: ignoring game history that is not ahead of local state
2026-09-13T12:35:23.224746Z  INFO omdurman::net_socket: guest: retrying snapshot request next_seq=0 last_applied=Some(72) is_host=false unconfirmed=0
2026-09-13T12:35:23.258467Z  INFO omdurman::net_socket: ignoring game history that is not ahead of local state
2026-09-13T12:35:25.226572Z  INFO omdurman::net_socket: guest: retrying snapshot request next_seq=0 last_applied=Some(72) is_host=false unconfirmed=0
2026-09-13T12:35:25.259018Z  INFO omdurman::net_socket: ignoring game history that is not ahead of local state
2026-09-13T12:35:27.241800Z  INFO omdurman::net_socket: guest: retrying snapshot request next_seq=0 last_applied=Some(72) is_host=false unconfirmed=0
2026-09-13T12:35:27.274331Z  INFO omdurman::net_socket: ignoring game history that is not ahead of local state
2026-09-13T12:35:29.257676Z  INFO omdurman::net_socket: guest: retrying snapshot request next_seq=0 last_applied=Some(72) is_host=false unconfirmed=0
2026-09-13T12:35:29.291285Z  INFO omdurman::net_socket: ignoring game history that is not ahead of local state
2026-09-13T12:35:31.264237Z  INFO omdurman::net_socket: guest: retrying snapshot request next_seq=0 last_applied=Some(72) is_host=false unconfirmed=0
2026-09-13T12:35:31.297691Z  INFO omdurman::net_socket: ignoring game history that is not ahead of local state
2026-09-13T12:35:33.266783Z  INFO omdurman::net_socket: guest: retrying snapshot request next_seq=0 last_applied=Some(72) is_host=false unconfirmed=0
2026-09-13T12:35:33.300326Z  INFO omdurman::net_socket: ignoring game history that is not ahead of local state
2026-09-13T12:35:34.637177Z  INFO omdurman::picker: movement_overlay_mesh: done green_spawned=4 gray_spawned=68 zoc_spawned=2 budget=9
2026-09-13T12:35:34.785969Z  INFO omdurman::picker: movement_overlay_mesh: done green_spawned=4 gray_spawned=68 zoc_spawned=2 budget=9
2026-09-13T12:35:35.270990Z  INFO omdurman::net_socket: guest: retrying snapshot request next_seq=0 last_applied=Some(72) is_host=false unconfirmed=0
2026-09-13T12:35:35.303710Z  INFO omdurman::net_socket: ignoring game history that is not ahead of local state
2026-09-13T12:35:36.055303Z  INFO omdurman::picker: stack path leg rejected adjacent=false enemy_occupied=false passable=true affordable=false stacking_ok=true forced_stop=false entering_zoc=false cost=0
2026-09-13T12:35:36.872135Z  INFO omdurman::picker: stack path leg accepted: HexCoord { q: 16, r: 15 } -> HexCoord { q: 16, r: 14 }, cost=1, affordable_units=4, entering_zoc=false
2026-09-13T12:35:36.890290Z  INFO omdurman::picker: movement_overlay_mesh: done green_spawned=6 gray_spawned=58 zoc_spawned=2 budget=8
2026-09-13T12:35:37.272421Z  INFO omdurman::net_socket: guest: retrying snapshot request next_seq=0 last_applied=Some(72) is_host=false unconfirmed=0
2026-09-13T12:35:37.305798Z  INFO omdurman::net_socket: ignoring game history that is not ahead of local state
2026-09-13T12:35:37.323312Z  INFO omdurman::picker: stack path leg accepted: HexCoord { q: 16, r: 14 } -> HexCoord { q: 16, r: 13 }, cost=1, affordable_units=4, entering_zoc=false
2026-09-13T12:35:37.340679Z  INFO omdurman::picker: movement_overlay_mesh: done green_spawned=5 gray_spawned=49 zoc_spawned=2 budget=7
2026-09-13T12:35:38.189338Z  INFO omdurman::picker: committing stack path for unit section_name=Mulazmin_I legs=2 cost=2 to.q=16 to.r=13
2026-09-13T12:35:38.189374Z  INFO omdurman::picker: committing stack path for unit section_name=Mulazmin_I legs=2 cost=2 to.q=16 to.r=13
2026-09-13T12:35:38.189386Z  INFO omdurman::picker: committing stack path for unit section_name=Mulazmin_I legs=2 cost=2 to.q=16 to.r=13
2026-09-13T12:35:38.189393Z  INFO omdurman::picker: committing stack path for unit section_name=Mulazmin_I legs=2 cost=2 to.q=16 to.r=13
2026-09-13T12:35:38.189440Z  INFO omdurman::events: forward_local_actions: bridging LocalAction to PendingEdits
2026-09-13T12:35:38.189449Z  INFO omdurman::events: forward_local_actions: bridging LocalAction to PendingEdits
2026-09-13T12:35:38.189456Z  INFO omdurman::events: forward_local_actions: bridging LocalAction to PendingEdits
2026-09-13T12:35:38.189462Z  INFO omdurman::events: forward_local_actions: bridging LocalAction to PendingEdits
2026-09-13T12:35:38.190034Z  INFO omdurman::net_plugin: retransmitting unconfirmed submissions pending=4 stall_secs=0.0
2026-09-13T12:35:38.222711Z  INFO omdurman::net_socket: applied sequenced event seq=73 uid=1643342529555745274
2026-09-13T12:35:38.222748Z  INFO omdurman::net_socket: applied sequenced event seq=74 uid=1643342529555745275
2026-09-13T12:35:38.222756Z  INFO omdurman::net_socket: applied sequenced event seq=75 uid=1643342529555745276
2026-09-13T12:35:38.222763Z  INFO omdurman::net_socket: applied sequenced event seq=76 uid=1643342529555745277
2026-09-13T12:35:38.222769Z  INFO omdurman::net_socket: dropping sequenced delivery of an already-applied event seq=73 uid=1643342529555745274 last_applied=Some(76)
2026-09-13T12:35:38.222778Z  INFO omdurman::net_socket: dropping sequenced delivery of an already-applied event seq=74 uid=1643342529555745275 last_applied=Some(76)
2026-09-13T12:35:38.222784Z  INFO omdurman::net_socket: dropping sequenced delivery of an already-applied event seq=75 uid=1643342529555745276 last_applied=Some(76)
2026-09-13T12:35:38.222790Z  INFO omdurman::net_socket: dropping sequenced delivery of an already-applied event seq=76 uid=1643342529555745277 last_applied=Some(76)
2026-09-13T12:35:38.489891Z  INFO omdurman::picker: movement animation complete entity=4294966658 coord.q=16 coord.r=13
2026-09-13T12:35:38.489925Z  INFO omdurman::picker: movement animation complete entity=4294966643 coord.q=16 coord.r=13
2026-09-13T12:35:38.489935Z  INFO omdurman::picker: movement animation complete entity=4294966687 coord.q=16 coord.r=13
2026-09-13T12:35:38.489942Z  INFO omdurman::picker: movement animation complete entity=4294966672 coord.q=16 coord.r=13
2026-09-13T12:35:39.272745Z  INFO omdurman::net_socket: guest: retrying snapshot request next_seq=0 last_applied=Some(76) is_host=false unconfirmed=0
2026-09-13T12:35:39.306782Z  INFO omdurman::net_socket: ignoring game history that is not ahead of local state
2026-09-13T12:35:39.407246Z  INFO omdurman::picker: movement_overlay_mesh: done green_spawned=4 gray_spawned=73 zoc_spawned=2 budget=9
2026-09-13T12:35:39.523508Z  INFO omdurman::picker: movement_overlay_mesh: done green_spawned=4 gray_spawned=73 zoc_spawned=2 budget=9
2026-09-13T12:35:40.490442Z  INFO omdurman::picker: stack path leg rejected adjacent=false enemy_occupied=false passable=true affordable=false stacking_ok=true forced_stop=false entering_zoc=false cost=0
2026-09-13T12:35:41.058397Z  INFO omdurman::picker: stack path leg accepted: HexCoord { q: 15, r: 15 } -> HexCoord { q: 15, r: 14 }, cost=1, affordable_units=1, entering_zoc=false
2026-09-13T12:35:41.074719Z  INFO omdurman::picker: movement_overlay_mesh: done green_spawned=6 gray_spawned=61 zoc_spawned=2 budget=8
2026-09-13T12:35:41.274472Z  INFO omdurman::net_socket: guest: retrying snapshot request next_seq=0 last_applied=Some(76) is_host=false unconfirmed=0
2026-09-13T12:35:41.307525Z  INFO omdurman::net_socket: ignoring game history that is not ahead of local state
2026-09-13T12:35:41.341335Z  INFO omdurman::picker: stack path leg accepted: HexCoord { q: 15, r: 14 } -> HexCoord { q: 15, r: 13 }, cost=1, affordable_units=1, entering_zoc=false
2026-09-13T12:35:41.358840Z  INFO omdurman::picker: movement_overlay_mesh: done green_spawned=6 gray_spawned=52 zoc_spawned=2 budget=7
2026-09-13T12:35:43.275449Z  INFO omdurman::net_socket: guest: retrying snapshot request next_seq=0 last_applied=Some(76) is_host=false unconfirmed=0
2026-09-13T12:35:43.308817Z  INFO omdurman::net_socket: ignoring game history that is not ahead of local state
2026-09-13T12:35:45.290542Z  INFO omdurman::net_socket: guest: retrying snapshot request next_seq=0 last_applied=Some(76) is_host=false unconfirmed=0
2026-09-13T12:35:45.323648Z  INFO omdurman::net_socket: ignoring game history that is not ahead of local state
2026-09-13T12:35:45.759026Z  INFO omdurman::picker: movement_overlay_mesh: done green_spawned=4 gray_spawned=73 zoc_spawned=2 budget=9
2026-09-13T12:35:46.590473Z  INFO omdurman::picker: path leg accepted: HexCoord { q: 15, r: 15 } -> HexCoord { q: 14, r: 14 }, cost=1, remaining_mp=8, entering_zoc=false
2026-09-13T12:35:46.608226Z  INFO omdurman::picker: movement_overlay_mesh: done green_spawned=6 gray_spawned=66 zoc_spawned=1 budget=8
2026-09-13T12:35:47.073964Z  INFO omdurman::picker: path leg accepted: HexCoord { q: 14, r: 14 } -> HexCoord { q: 13, r: 14 }, cost=1, remaining_mp=7, entering_zoc=false
2026-09-13T12:35:47.092430Z  INFO omdurman::picker: movement_overlay_mesh: done green_spawned=6 gray_spawned=59 zoc_spawned=1 budget=7
2026-09-13T12:35:47.290392Z  INFO omdurman::net_socket: guest: retrying snapshot request next_seq=0 last_applied=Some(76) is_host=false unconfirmed=0
2026-09-13T12:35:47.323888Z  INFO omdurman::net_socket: ignoring game history that is not ahead of local state
2026-09-13T12:35:47.674278Z  INFO omdurman::picker: path leg accepted: HexCoord { q: 13, r: 14 } -> HexCoord { q: 12, r: 13 }, cost=1, remaining_mp=6, entering_zoc=false
2026-09-13T12:35:47.691031Z  INFO omdurman::picker: movement_overlay_mesh: done green_spawned=6 gray_spawned=53 zoc_spawned=0 budget=6
2026-09-13T12:35:48.257368Z  INFO omdurman::picker: path leg accepted: HexCoord { q: 12, r: 13 } -> HexCoord { q: 11, r: 13 }, cost=1, remaining_mp=5, entering_zoc=false
2026-09-13T12:35:48.274783Z  INFO omdurman::picker: movement_overlay_mesh: done green_spawned=6 gray_spawned=46 zoc_spawned=0 budget=5
2026-09-13T12:35:48.625478Z  INFO omdurman::picker: path leg accepted: HexCoord { q: 11, r: 13 } -> HexCoord { q: 10, r: 12 }, cost=1, remaining_mp=4, entering_zoc=false
2026-09-13T12:35:48.642195Z  INFO omdurman::picker: movement_overlay_mesh: done green_spawned=6 gray_spawned=38 zoc_spawned=0 budget=4
2026-09-13T12:35:49.025706Z  INFO omdurman::picker: path leg accepted: HexCoord { q: 10, r: 12 } -> HexCoord { q: 10, r: 11 }, cost=1, remaining_mp=3, entering_zoc=false
2026-09-13T12:35:49.042972Z  INFO omdurman::picker: movement_overlay_mesh: done green_spawned=6 gray_spawned=27 zoc_spawned=0 budget=3
2026-09-13T12:35:49.291347Z  INFO omdurman::net_socket: guest: retrying snapshot request next_seq=0 last_applied=Some(76) is_host=false unconfirmed=0
2026-09-13T12:35:49.324426Z  INFO omdurman::net_socket: ignoring game history that is not ahead of local state
2026-09-13T12:35:49.524341Z  INFO omdurman::picker: path leg accepted: HexCoord { q: 10, r: 11 } -> HexCoord { q: 11, r: 11 }, cost=1, remaining_mp=2, entering_zoc=false
2026-09-13T12:35:49.541536Z  INFO omdurman::picker: movement_overlay_mesh: done green_spawned=4 gray_spawned=9 zoc_spawned=0 budget=2
2026-09-13T12:35:50.142455Z  INFO omdurman::picker: path leg accepted: HexCoord { q: 11, r: 11 } -> HexCoord { q: 12, r: 11 }, cost=1, remaining_mp=1, entering_zoc=false
2026-09-13T12:35:50.159464Z  INFO omdurman::picker: movement_overlay_mesh: done green_spawned=5 gray_spawned=0 zoc_spawned=0 budget=1
2026-09-13T12:35:51.308308Z  INFO omdurman::net_socket: guest: retrying snapshot request next_seq=0 last_applied=Some(76) is_host=false unconfirmed=0
2026-09-13T12:35:51.341219Z  INFO omdurman::net_socket: ignoring game history that is not ahead of local state
2026-09-13T12:35:51.507728Z  INFO omdurman::picker: path leg accepted: HexCoord { q: 12, r: 11 } -> HexCoord { q: 13, r: 11 }, cost=1, remaining_mp=0, entering_zoc=false
2026-09-13T12:35:51.525274Z  INFO omdurman::picker: movement_overlay_mesh: done green_spawned=0 gray_spawned=0 zoc_spawned=0 budget=0
2026-09-13T12:35:52.490673Z  INFO omdurman::picker: committing path section_name=Hadendowa legs=9 total_cost=9
2026-09-13T12:35:52.490716Z  INFO omdurman::events: forward_local_actions: bridging LocalAction to PendingEdits
2026-09-13T12:35:52.491184Z  INFO omdurman::net_plugin: retransmitting unconfirmed submissions pending=1 stall_secs=0.0
2026-09-13T12:35:52.524778Z  INFO omdurman::net_socket: applied sequenced event seq=77 uid=1643342529555745278
2026-09-13T12:35:52.524798Z  INFO omdurman::net_socket: dropping sequenced delivery of an already-applied event seq=77 uid=1643342529555745278 last_applied=Some(77)
2026-09-13T12:35:52.792059Z  INFO omdurman::picker: movement animation complete entity=8589933876 coord.q=13 coord.r=11
2026-09-13T12:35:53.309008Z  INFO omdurman::net_socket: guest: retrying snapshot request next_seq=0 last_applied=Some(77) is_host=false unconfirmed=0
2026-09-13T12:35:53.342415Z  INFO omdurman::net_socket: ignoring game history that is not ahead of local state
2026-09-13T12:35:55.324235Z  INFO omdurman::net_socket: guest: retrying snapshot request next_seq=0 last_applied=Some(77) is_host=false unconfirmed=0
2026-09-13T12:35:55.358212Z  INFO omdurman::net_socket: ignoring game history that is not ahead of local state
2026-09-13T12:35:56.974827Z  INFO omdurman::picker: movement_overlay_mesh: done green_spawned=4 gray_spawned=65 zoc_spawned=2 budget=9
2026-09-13T12:35:57.141468Z  INFO omdurman::picker: movement_overlay_mesh: done green_spawned=4 gray_spawned=65 zoc_spawned=2 budget=9
2026-09-13T12:35:57.340780Z  INFO omdurman::net_socket: guest: retrying snapshot request next_seq=0 last_applied=Some(77) is_host=false unconfirmed=0
2026-09-13T12:35:57.374401Z  INFO omdurman::net_socket: ignoring game history that is not ahead of local state
2026-09-13T12:35:59.158344Z  INFO omdurman::picker: stack path leg accepted: HexCoord { q: 17, r: 15 } -> HexCoord { q: 16, r: 15 }, cost=1, affordable_units=4, entering_zoc=false
2026-09-13T12:35:59.174921Z  INFO omdurman::picker: movement_overlay_mesh: done green_spawned=4 gray_spawned=57 zoc_spawned=2 budget=8
2026-09-13T12:35:59.341507Z  INFO omdurman::net_socket: guest: retrying snapshot request next_seq=0 last_applied=Some(77) is_host=false unconfirmed=0
2026-09-13T12:35:59.374106Z  INFO omdurman::net_socket: ignoring game history that is not ahead of local state
2026-09-13T12:35:59.790690Z  INFO omdurman::picker: stack path leg accepted: HexCoord { q: 16, r: 15 } -> HexCoord { q: 15, r: 15 }, cost=1, affordable_units=4, entering_zoc=false
2026-09-13T12:35:59.807752Z  INFO omdurman::picker: movement_overlay_mesh: done green_spawned=4 gray_spawned=49 zoc_spawned=1 budget=7
2026-09-13T12:36:00.442126Z  INFO omdurman::picker: stack path leg accepted: HexCoord { q: 15, r: 15 } -> HexCoord { q: 14, r: 15 }, cost=1, affordable_units=4, entering_zoc=false
2026-09-13T12:36:00.460016Z  INFO omdurman::picker: movement_overlay_mesh: done green_spawned=4 gray_spawned=42 zoc_spawned=0 budget=6
2026-09-13T12:36:00.875151Z  INFO omdurman::picker: stack path leg accepted: HexCoord { q: 14, r: 15 } -> HexCoord { q: 13, r: 14 }, cost=1, affordable_units=4, entering_zoc=false
2026-09-13T12:36:00.892727Z  INFO omdurman::picker: movement_overlay_mesh: done green_spawned=6 gray_spawned=35 zoc_spawned=0 budget=5
2026-09-13T12:36:01.357156Z  INFO omdurman::net_socket: guest: retrying snapshot request next_seq=0 last_applied=Some(77) is_host=false unconfirmed=0
2026-09-13T12:36:01.374863Z  INFO omdurman::picker: stack path leg accepted: HexCoord { q: 13, r: 14 } -> HexCoord { q: 12, r: 13 }, cost=1, affordable_units=4, entering_zoc=false
2026-09-13T12:36:01.390857Z  INFO omdurman::picker: movement_overlay_mesh: done green_spawned=6 gray_spawned=30 zoc_spawned=0 budget=4
2026-09-13T12:36:01.390977Z  INFO omdurman::net_socket: ignoring game history that is not ahead of local state
2026-09-13T12:36:01.890822Z  INFO omdurman::picker: stack path leg accepted: HexCoord { q: 12, r: 13 } -> HexCoord { q: 11, r: 13 }, cost=1, affordable_units=4, entering_zoc=false
2026-09-13T12:36:01.907821Z  INFO omdurman::picker: movement_overlay_mesh: done green_spawned=6 gray_spawned=22 zoc_spawned=0 budget=3
2026-09-13T12:36:02.390959Z  INFO omdurman::picker: stack path leg accepted: HexCoord { q: 11, r: 13 } -> HexCoord { q: 10, r: 12 }, cost=1, affordable_units=4, entering_zoc=false
2026-09-13T12:36:02.408112Z  INFO omdurman::picker: movement_overlay_mesh: done green_spawned=6 gray_spawned=12 zoc_spawned=0 budget=2
2026-09-13T12:36:02.991790Z  INFO omdurman::picker: stack path leg accepted: HexCoord { q: 10, r: 12 } -> HexCoord { q: 10, r: 11 }, cost=1, affordable_units=4, entering_zoc=false
2026-09-13T12:36:03.008822Z  INFO omdurman::picker: movement_overlay_mesh: done green_spawned=5 gray_spawned=0 zoc_spawned=0 budget=1
2026-09-13T12:36:03.359482Z  INFO omdurman::net_socket: guest: retrying snapshot request next_seq=0 last_applied=Some(77) is_host=false unconfirmed=0
2026-09-13T12:36:03.392249Z  INFO omdurman::net_socket: ignoring game history that is not ahead of local state
2026-09-13T12:36:03.875956Z  INFO omdurman::picker: stack path leg accepted: HexCoord { q: 10, r: 11 } -> HexCoord { q: 11, r: 11 }, cost=1, affordable_units=4, entering_zoc=false
2026-09-13T12:36:03.892121Z  INFO omdurman::picker: movement_overlay_mesh: done green_spawned=0 gray_spawned=0 zoc_spawned=0 budget=0
2026-09-13T12:36:05.374375Z  INFO omdurman::net_socket: guest: retrying snapshot request next_seq=0 last_applied=Some(77) is_host=false unconfirmed=0
2026-09-13T12:36:05.408024Z  INFO omdurman::net_socket: ignoring game history that is not ahead of local state
2026-09-13T12:36:05.742160Z  INFO omdurman::picker: stack path leg rejected adjacent=true enemy_occupied=false passable=true affordable=false stacking_ok=true forced_stop=false entering_zoc=false cost=1
2026-09-13T12:36:06.259066Z  WARN omdurman::picker: stack commit produced no moves; keeping the plotted path
2026-09-13T12:36:07.375226Z  INFO omdurman::net_socket: guest: retrying snapshot request next_seq=0 last_applied=Some(77) is_host=false unconfirmed=0
2026-09-13T12:36:07.408210Z  INFO omdurman::net_socket: ignoring game history that is not ahead of local state
2026-09-13T12:36:08.508112Z  WARN omdurman::picker: stack commit produced no moves; keeping the plotted path
2026-09-13T12:36:09.375649Z  INFO omdurman::net_socket: guest: retrying snapshot request next_seq=0 last_applied=Some(77) is_host=false unconfirmed=0
2026-09-13T12:36:09.408681Z  INFO omdurman::net_socket: ignoring game history that is not ahead of local state
2026-09-13T12:36:10.491469Z  INFO omdurman::picker: stack path leg rejected adjacent=false enemy_occupied=false passable=true affordable=false stacking_ok=true forced_stop=false entering_zoc=false cost=0
2026-09-13T12:36:11.159370Z  INFO omdurman::picker: stack path leg rejected adjacent=false enemy_occupied=false passable=true affordable=false stacking_ok=false forced_stop=false entering_zoc=false cost=0
2026-09-13T12:36:11.392594Z  INFO omdurman::net_socket: guest: retrying snapshot request next_seq=0 last_applied=Some(77) is_host=false unconfirmed=0
2026-09-13T12:36:11.425061Z  INFO omdurman::net_socket: ignoring game history that is not ahead of local state
2026-09-13T12:36:11.975094Z  INFO omdurman::picker: stack path leg rejected adjacent=false enemy_occupied=false passable=true affordable=false stacking_ok=true forced_stop=false entering_zoc=false cost=0
2026-09-13T12:36:12.042208Z  INFO omdurman::picker: movement_overlay_mesh: done green_spawned=4 gray_spawned=65 zoc_spawned=2 budget=9
2026-09-13T12:36:13.408221Z  INFO omdurman::net_socket: guest: retrying snapshot request next_seq=0 last_applied=Some(77) is_host=false unconfirmed=0
2026-09-13T12:36:13.440643Z  INFO omdurman::net_socket: ignoring game history that is not ahead of local state
2026-09-13T12:36:14.425116Z  INFO omdurman::picker: stack path leg rejected adjacent=false enemy_occupied=false passable=true affordable=false stacking_ok=true forced_stop=false entering_zoc=false cost=0
2026-09-13T12:36:15.061011Z  INFO omdurman::picker: committing stack path for unit section_name=Mulazmin_I legs=9 cost=9 to.q=11 to.r=11
2026-09-13T12:36:15.061065Z  INFO omdurman::picker: committing stack path for unit section_name=Mulazmin_I legs=9 cost=9 to.q=11 to.r=11
2026-09-13T12:36:15.061079Z  INFO omdurman::picker: committing stack path for unit section_name=Mulazmin_I legs=9 cost=9 to.q=11 to.r=11
2026-09-13T12:36:15.061092Z  INFO omdurman::picker: committing stack path for unit section_name=Mulazmin_I legs=9 cost=9 to.q=11 to.r=11
2026-09-13T12:36:15.074874Z  INFO omdurman::events: forward_local_actions: bridging LocalAction to PendingEdits
2026-09-13T12:36:15.074919Z  INFO omdurman::events: forward_local_actions: bridging LocalAction to PendingEdits
2026-09-13T12:36:15.074929Z  INFO omdurman::events: forward_local_actions: bridging LocalAction to PendingEdits
2026-09-13T12:36:15.074937Z  INFO omdurman::events: forward_local_actions: bridging LocalAction to PendingEdits
2026-09-13T12:36:15.075319Z  INFO omdurman::net_plugin: retransmitting unconfirmed submissions pending=4 stall_secs=0.0
2026-09-13T12:36:15.107494Z  INFO omdurman::net_socket: applied sequenced event seq=78 uid=1643342529555745279
2026-09-13T12:36:15.107533Z  INFO omdurman::net_socket: applied sequenced event seq=79 uid=1643342529555745280
2026-09-13T12:36:15.107544Z  INFO omdurman::net_socket: applied sequenced event seq=80 uid=1643342529555745281
2026-09-13T12:36:15.107554Z  INFO omdurman::net_socket: applied sequenced event seq=81 uid=1643342529555745282
2026-09-13T12:36:15.107562Z  INFO omdurman::net_socket: dropping sequenced delivery of an already-applied event seq=78 uid=1643342529555745279 last_applied=Some(81)
2026-09-13T12:36:15.107573Z  INFO omdurman::net_socket: dropping sequenced delivery of an already-applied event seq=79 uid=1643342529555745280 last_applied=Some(81)
2026-09-13T12:36:15.107581Z  INFO omdurman::net_socket: dropping sequenced delivery of an already-applied event seq=80 uid=1643342529555745281 last_applied=Some(81)
2026-09-13T12:36:15.107590Z  INFO omdurman::net_socket: dropping sequenced delivery of an already-applied event seq=81 uid=1643342529555745282 last_applied=Some(81)
2026-09-13T12:36:15.375471Z  INFO omdurman::picker: movement animation complete entity=8589933945 coord.q=11 coord.r=11
2026-09-13T12:36:15.375511Z  INFO omdurman::picker: movement animation complete entity=8589933931 coord.q=11 coord.r=11
2026-09-13T12:36:15.375531Z  INFO omdurman::picker: movement animation complete entity=8589933969 coord.q=11 coord.r=11
2026-09-13T12:36:15.375536Z  INFO omdurman::picker: movement animation complete entity=8589933957 coord.q=11 coord.r=11
2026-09-13T12:36:15.409902Z  INFO omdurman::net_socket: guest: retrying snapshot request next_seq=0 last_applied=Some(81) is_host=false unconfirmed=0
2026-09-13T12:36:15.442295Z  INFO omdurman::net_socket: ignoring game history that is not ahead of local state
2026-09-13T12:36:17.424192Z  INFO omdurman::net_socket: guest: retrying snapshot request next_seq=0 last_applied=Some(81) is_host=false unconfirmed=0
2026-09-13T12:36:17.458097Z  INFO omdurman::net_socket: ignoring game history that is not ahead of local state
2026-09-13T12:36:17.658469Z  INFO omdurman::picker: movement_overlay_mesh: done green_spawned=4 gray_spawned=62 zoc_spawned=2 budget=9
2026-09-13T12:36:17.774352Z  INFO omdurman::picker: movement_overlay_mesh: done green_spawned=4 gray_spawned=62 zoc_spawned=2 budget=9
2026-09-13T12:36:18.591263Z  INFO omdurman::picker: stack path leg accepted: HexCoord { q: 18, r: 15 } -> HexCoord { q: 17, r: 14 }, cost=1, affordable_units=4, entering_zoc=false
2026-09-13T12:36:18.607956Z  INFO omdurman::picker: movement_overlay_mesh: done green_spawned=6 gray_spawned=57 zoc_spawned=2 budget=8
2026-09-13T12:36:19.041122Z  INFO omdurman::picker: stack path leg accepted: HexCoord { q: 17, r: 14 } -> HexCoord { q: 17, r: 13 }, cost=1, affordable_units=4, entering_zoc=false
2026-09-13T12:36:19.060316Z  INFO omdurman::picker: movement_overlay_mesh: done green_spawned=5 gray_spawned=48 zoc_spawned=2 budget=7
2026-09-13T12:36:19.440928Z  INFO omdurman::net_socket: guest: retrying snapshot request next_seq=0 last_applied=Some(81) is_host=false unconfirmed=0
2026-09-13T12:36:19.474647Z  INFO omdurman::net_socket: ignoring game history that is not ahead of local state
2026-09-13T12:36:19.525141Z  INFO omdurman::picker: stack path leg accepted: HexCoord { q: 17, r: 13 } -> HexCoord { q: 17, r: 12 }, cost=1, affordable_units=4, entering_zoc=false
2026-09-13T12:36:19.540766Z  INFO omdurman::picker: movement_overlay_mesh: done green_spawned=3 gray_spawned=37 zoc_spawned=2 budget=6
2026-09-13T12:36:20.891501Z  INFO omdurman::picker: committing stack path for unit section_name=Mulazmin_I legs=3 cost=3 to.q=17 to.r=12
2026-09-13T12:36:20.891560Z  INFO omdurman::picker: committing stack path for unit section_name=Mulazmin_I legs=3 cost=3 to.q=17 to.r=12
2026-09-13T12:36:20.891575Z  INFO omdurman::picker: committing stack path for unit section_name=Mulazmin_I legs=3 cost=3 to.q=17 to.r=12
2026-09-13T12:36:20.891584Z  INFO omdurman::picker: committing stack path for unit section_name=Mulazmin_I legs=3 cost=3 to.q=17 to.r=12
2026-09-13T12:36:20.891612Z  INFO omdurman::events: forward_local_actions: bridging LocalAction to PendingEdits
2026-09-13T12:36:20.891623Z  INFO omdurman::events: forward_local_actions: bridging LocalAction to PendingEdits
2026-09-13T12:36:20.891629Z  INFO omdurman::events: forward_local_actions: bridging LocalAction to PendingEdits
2026-09-13T12:36:20.891635Z  INFO omdurman::events: forward_local_actions: bridging LocalAction to PendingEdits
2026-09-13T12:36:20.892017Z  INFO omdurman::net_plugin: retransmitting unconfirmed submissions pending=4 stall_secs=0.0
2026-09-13T12:36:20.925114Z  INFO omdurman::net_socket: applied sequenced event seq=82 uid=1643342529555745283
2026-09-13T12:36:20.925175Z  INFO omdurman::net_socket: applied sequenced event seq=83 uid=1643342529555745284
2026-09-13T12:36:20.925188Z  INFO omdurman::net_socket: applied sequenced event seq=84 uid=1643342529555745285
2026-09-13T12:36:20.925196Z  INFO omdurman::net_socket: applied sequenced event seq=85 uid=1643342529555745286
2026-09-13T12:36:20.925209Z  INFO omdurman::net_socket: dropping sequenced delivery of an already-applied event seq=82 uid=1643342529555745283 last_applied=Some(85)
2026-09-13T12:36:20.925219Z  INFO omdurman::net_socket: dropping sequenced delivery of an already-applied event seq=83 uid=1643342529555745284 last_applied=Some(85)
2026-09-13T12:36:20.925227Z  INFO omdurman::net_socket: dropping sequenced delivery of an already-applied event seq=84 uid=1643342529555745285 last_applied=Some(85)
2026-09-13T12:36:20.925232Z  INFO omdurman::net_socket: dropping sequenced delivery of an already-applied event seq=85 uid=1643342529555745286 last_applied=Some(85)
2026-09-13T12:36:21.191732Z  INFO omdurman::picker: movement animation complete entity=8589934007 coord.q=17 coord.r=12
2026-09-13T12:36:21.191764Z  INFO omdurman::picker: movement animation complete entity=8589934018 coord.q=17 coord.r=12
2026-09-13T12:36:21.191772Z  INFO omdurman::picker: movement animation complete entity=8589934030 coord.q=17 coord.r=12
2026-09-13T12:36:21.191779Z  INFO omdurman::picker: movement animation complete entity=8589934039 coord.q=17 coord.r=12
2026-09-13T12:36:21.441720Z  INFO omdurman::net_socket: guest: retrying snapshot request next_seq=0 last_applied=Some(85) is_host=false unconfirmed=0
2026-09-13T12:36:21.475682Z  INFO omdurman::net_socket: ignoring game history that is not ahead of local state
2026-09-13T12:36:22.323906Z  INFO omdurman::picker: movement_overlay_mesh: done green_spawned=4 gray_spawned=60 zoc_spawned=2 budget=9
2026-09-13T12:36:22.457944Z  INFO omdurman::picker: movement_overlay_mesh: done green_spawned=4 gray_spawned=60 zoc_spawned=2 budget=9
2026-09-13T12:36:23.257962Z  INFO omdurman::picker: stack path leg accepted: HexCoord { q: 19, r: 15 } -> HexCoord { q: 18, r: 14 }, cost=1, affordable_units=4, entering_zoc=false
2026-09-13T12:36:23.274322Z  INFO omdurman::picker: movement_overlay_mesh: done green_spawned=6 gray_spawned=54 zoc_spawned=2 budget=8
2026-09-13T12:36:23.458074Z  INFO omdurman::net_socket: guest: retrying snapshot request next_seq=0 last_applied=Some(85) is_host=false unconfirmed=0
2026-09-13T12:36:23.491120Z  INFO omdurman::net_socket: ignoring game history that is not ahead of local state
2026-09-13T12:36:23.657672Z  INFO omdurman::picker: stack path leg accepted: HexCoord { q: 18, r: 14 } -> HexCoord { q: 17, r: 13 }, cost=1, affordable_units=4, entering_zoc=false
2026-09-13T12:36:23.675984Z  INFO omdurman::picker: movement_overlay_mesh: done green_spawned=5 gray_spawned=48 zoc_spawned=2 budget=7
2026-09-13T12:36:24.058719Z  INFO omdurman::picker: committing stack path for unit section_name=Mulazmin_I legs=2 cost=2 to.q=17 to.r=13
2026-09-13T12:36:24.058763Z  INFO omdurman::picker: committing stack path for unit section_name=Mulazmin_I legs=2 cost=2 to.q=17 to.r=13
2026-09-13T12:36:24.058772Z  INFO omdurman::picker: committing stack path for unit section_name=Mulazmin_I legs=2 cost=2 to.q=17 to.r=13
2026-09-13T12:36:24.058779Z  INFO omdurman::picker: committing stack path for unit section_name=Mulazmin_I legs=2 cost=2 to.q=17 to.r=13
2026-09-13T12:36:24.074781Z  INFO omdurman::events: forward_local_actions: bridging LocalAction to PendingEdits
2026-09-13T12:36:24.074828Z  INFO omdurman::events: forward_local_actions: bridging LocalAction to PendingEdits
2026-09-13T12:36:24.074838Z  INFO omdurman::events: forward_local_actions: bridging LocalAction to PendingEdits
2026-09-13T12:36:24.074843Z  INFO omdurman::events: forward_local_actions: bridging LocalAction to PendingEdits
2026-09-13T12:36:24.075251Z  INFO omdurman::net_plugin: retransmitting unconfirmed submissions pending=4 stall_secs=0.0
2026-09-13T12:36:24.107847Z  INFO omdurman::net_socket: applied sequenced event seq=86 uid=1643342529555745287
2026-09-13T12:36:24.107865Z  INFO omdurman::net_socket: applied sequenced event seq=87 uid=1643342529555745288
2026-09-13T12:36:24.107874Z  INFO omdurman::net_socket: applied sequenced event seq=88 uid=1643342529555745289
2026-09-13T12:36:24.107882Z  INFO omdurman::net_socket: applied sequenced event seq=89 uid=1643342529555745290
2026-09-13T12:36:24.107890Z  INFO omdurman::net_socket: dropping sequenced delivery of an already-applied event seq=86 uid=1643342529555745287 last_applied=Some(89)
2026-09-13T12:36:24.107898Z  INFO omdurman::net_socket: dropping sequenced delivery of an already-applied event seq=87 uid=1643342529555745288 last_applied=Some(89)
2026-09-13T12:36:24.107905Z  INFO omdurman::net_socket: dropping sequenced delivery of an already-applied event seq=88 uid=1643342529555745289 last_applied=Some(89)
2026-09-13T12:36:24.107912Z  INFO omdurman::net_socket: dropping sequenced delivery of an already-applied event seq=89 uid=1643342529555745290 last_applied=Some(89)
2026-09-13T12:36:24.375748Z  INFO omdurman::picker: movement animation complete entity=12884901333 coord.q=17 coord.r=13
2026-09-13T12:36:24.375782Z  INFO omdurman::picker: movement animation complete entity=12884901297 coord.q=17 coord.r=13
2026-09-13T12:36:24.375790Z  INFO omdurman::picker: movement animation complete entity=12884901309 coord.q=17 coord.r=13
2026-09-13T12:36:24.375795Z  INFO omdurman::picker: movement animation complete entity=12884901321 coord.q=17 coord.r=13
2026-09-13T12:36:25.307416Z  INFO omdurman::picker: movement_overlay_mesh: done green_spawned=4 gray_spawned=58 zoc_spawned=3 budget=9
2026-09-13T12:36:25.440781Z  INFO omdurman::picker: movement_overlay_mesh: done green_spawned=4 gray_spawned=58 zoc_spawned=3 budget=9
2026-09-13T12:36:25.474589Z  INFO omdurman::net_socket: guest: retrying snapshot request next_seq=0 last_applied=Some(89) is_host=false unconfirmed=0
2026-09-13T12:36:25.707790Z  INFO omdurman::net_socket: ignoring game history that is not ahead of local state
2026-09-13T12:36:26.874680Z  INFO omdurman::picker: stack path leg accepted: HexCoord { q: 20, r: 15 } -> HexCoord { q: 19, r: 14 }, cost=1, affordable_units=4, entering_zoc=false
2026-09-13T12:36:26.890875Z  INFO omdurman::picker: movement_overlay_mesh: done green_spawned=6 gray_spawned=53 zoc_spawned=2 budget=8
2026-09-13T12:36:27.458877Z  INFO omdurman::picker: stack path leg accepted: HexCoord { q: 19, r: 14 } -> HexCoord { q: 18, r: 13 }, cost=1, affordable_units=4, entering_zoc=false
2026-09-13T12:36:27.476186Z  INFO omdurman::picker: movement_overlay_mesh: done green_spawned=6 gray_spawned=48 zoc_spawned=2 budget=7
2026-09-13T12:36:27.476523Z  INFO omdurman::net_socket: guest: retrying snapshot request next_seq=0 last_applied=Some(89) is_host=false unconfirmed=0
2026-09-13T12:36:27.508756Z  INFO omdurman::net_socket: ignoring game history that is not ahead of local state
2026-09-13T12:36:27.890632Z  INFO omdurman::picker: committing stack path for unit section_name=Mulazmin_II legs=2 cost=2 to.q=18 to.r=13
2026-09-13T12:36:27.890663Z  INFO omdurman::picker: committing stack path for unit section_name=Mulazmin_II legs=2 cost=2 to.q=18 to.r=13
2026-09-13T12:36:27.890672Z  INFO omdurman::picker: committing stack path for unit section_name=Mulazmin_II legs=2 cost=2 to.q=18 to.r=13
2026-09-13T12:36:27.890680Z  INFO omdurman::picker: committing stack path for unit section_name=Mulazmin_II legs=2 cost=2 to.q=18 to.r=13
2026-09-13T12:36:27.906857Z  INFO omdurman::events: forward_local_actions: bridging LocalAction to PendingEdits
2026-09-13T12:36:27.906893Z  INFO omdurman::events: forward_local_actions: bridging LocalAction to PendingEdits
2026-09-13T12:36:27.906904Z  INFO omdurman::events: forward_local_actions: bridging LocalAction to PendingEdits
2026-09-13T12:36:27.906911Z  INFO omdurman::events: forward_local_actions: bridging LocalAction to PendingEdits
2026-09-13T12:36:27.907266Z  INFO omdurman::net_plugin: retransmitting unconfirmed submissions pending=4 stall_secs=0.0
2026-09-13T12:36:27.940857Z  INFO omdurman::net_socket: applied sequenced event seq=90 uid=1643342529555745291
2026-09-13T12:36:27.940882Z  INFO omdurman::net_socket: applied sequenced event seq=91 uid=1643342529555745292
2026-09-13T12:36:27.940890Z  INFO omdurman::net_socket: applied sequenced event seq=92 uid=1643342529555745293
2026-09-13T12:36:27.940896Z  INFO omdurman::net_socket: applied sequenced event seq=93 uid=1643342529555745294
2026-09-13T12:36:27.940904Z  INFO omdurman::net_socket: dropping sequenced delivery of an already-applied event seq=90 uid=1643342529555745291 last_applied=Some(93)
2026-09-13T12:36:27.940911Z  INFO omdurman::net_socket: dropping sequenced delivery of an already-applied event seq=91 uid=1643342529555745292 last_applied=Some(93)
2026-09-13T12:36:27.940917Z  INFO omdurman::net_socket: dropping sequenced delivery of an already-applied event seq=92 uid=1643342529555745293 last_applied=Some(93)
2026-09-13T12:36:27.940923Z  INFO omdurman::net_socket: dropping sequenced delivery of an already-applied event seq=93 uid=1643342529555745294 last_applied=Some(93)
2026-09-13T12:36:28.191211Z  INFO omdurman::picker: movement animation complete entity=12884901249 coord.q=18 coord.r=13
2026-09-13T12:36:28.191254Z  INFO omdurman::picker: movement animation complete entity=8589933905 coord.q=18 coord.r=13
2026-09-13T12:36:28.191262Z  INFO omdurman::picker: movement animation complete entity=12884901214 coord.q=18 coord.r=13
2026-09-13T12:36:28.191267Z  INFO omdurman::picker: movement animation complete entity=17179868517 coord.q=18 coord.r=13
2026-09-13T12:36:29.125195Z  INFO omdurman::picker: movement_overlay_mesh: done green_spawned=4 gray_spawned=55 zoc_spawned=3 budget=9
2026-09-13T12:36:29.240552Z  INFO omdurman::picker: movement_overlay_mesh: done green_spawned=4 gray_spawned=55 zoc_spawned=3 budget=9
2026-09-13T12:36:29.490623Z  INFO omdurman::net_socket: guest: retrying snapshot request next_seq=0 last_applied=Some(93) is_host=false unconfirmed=0
2026-09-13T12:36:29.724215Z  INFO omdurman::net_socket: ignoring game history that is not ahead of local state
2026-09-13T12:36:29.908257Z  INFO omdurman::picker: stack path leg accepted: HexCoord { q: 21, r: 15 } -> HexCoord { q: 21, r: 14 }, cost=1, affordable_units=4, entering_zoc=false
2026-09-13T12:36:29.923896Z  INFO omdurman::picker: movement_overlay_mesh: done green_spawned=6 gray_spawned=48 zoc_spawned=3 budget=8
2026-09-13T12:36:30.409219Z  INFO omdurman::picker: stack path leg accepted: HexCoord { q: 21, r: 14 } -> HexCoord { q: 20, r: 13 }, cost=1, affordable_units=4, entering_zoc=false
2026-09-13T12:36:30.425544Z  INFO omdurman::picker: movement_overlay_mesh: done green_spawned=5 gray_spawned=46 zoc_spawned=3 budget=7
2026-09-13T12:36:31.158437Z  INFO omdurman::picker: committing stack path for unit section_name=Mulazmin_II legs=2 cost=2 to.q=20 to.r=13
2026-09-13T12:36:31.158472Z  INFO omdurman::picker: committing stack path for unit section_name=Mulazmin_II legs=2 cost=2 to.q=20 to.r=13
2026-09-13T12:36:31.158483Z  INFO omdurman::picker: committing stack path for unit section_name=Mulazmin_II legs=2 cost=2 to.q=20 to.r=13
2026-09-13T12:36:31.158493Z  INFO omdurman::picker: committing stack path for unit section_name=Mulazmin_II legs=2 cost=2 to.q=20 to.r=13
2026-09-13T12:36:31.175094Z  INFO omdurman::events: forward_local_actions: bridging LocalAction to PendingEdits
2026-09-13T12:36:31.175123Z  INFO omdurman::events: forward_local_actions: bridging LocalAction to PendingEdits
2026-09-13T12:36:31.175129Z  INFO omdurman::events: forward_local_actions: bridging LocalAction to PendingEdits
2026-09-13T12:36:31.175132Z  INFO omdurman::events: forward_local_actions: bridging LocalAction to PendingEdits
2026-09-13T12:36:31.175473Z  INFO omdurman::net_plugin: retransmitting unconfirmed submissions pending=4 stall_secs=0.0
2026-09-13T12:36:31.208399Z  INFO omdurman::net_socket: applied sequenced event seq=94 uid=1643342529555745295
2026-09-13T12:36:31.208427Z  INFO omdurman::net_socket: applied sequenced event seq=95 uid=1643342529555745296
2026-09-13T12:36:31.208440Z  INFO omdurman::net_socket: applied sequenced event seq=96 uid=1643342529555745297
2026-09-13T12:36:31.208450Z  INFO omdurman::net_socket: applied sequenced event seq=97 uid=1643342529555745298
2026-09-13T12:36:31.208458Z  INFO omdurman::net_socket: dropping sequenced delivery of an already-applied event seq=94 uid=1643342529555745295 last_applied=Some(97)
2026-09-13T12:36:31.208468Z  INFO omdurman::net_socket: dropping sequenced delivery of an already-applied event seq=95 uid=1643342529555745296 last_applied=Some(97)
2026-09-13T12:36:31.208477Z  INFO omdurman::net_socket: dropping sequenced delivery of an already-applied event seq=96 uid=1643342529555745297 last_applied=Some(97)
2026-09-13T12:36:31.208486Z  INFO omdurman::net_socket: dropping sequenced delivery of an already-applied event seq=97 uid=1643342529555745298 last_applied=Some(97)
2026-09-13T12:36:31.474781Z  INFO omdurman::picker: movement animation complete entity=17179868573 coord.q=20 coord.r=13
2026-09-13T12:36:31.474832Z  INFO omdurman::picker: movement animation complete entity=17179868552 coord.q=20 coord.r=13
2026-09-13T12:36:31.474847Z  INFO omdurman::picker: movement animation complete entity=17179868566 coord.q=20 coord.r=13
2026-09-13T12:36:31.474855Z  INFO omdurman::picker: movement animation complete entity=17179868587 coord.q=20 coord.r=13
2026-09-13T12:36:31.491654Z  INFO omdurman::net_socket: guest: retrying snapshot request next_seq=0 last_applied=Some(97) is_host=false unconfirmed=0
2026-09-13T12:36:31.525203Z  INFO omdurman::net_socket: ignoring game history that is not ahead of local state
2026-09-13T12:36:33.508178Z  INFO omdurman::net_socket: guest: retrying snapshot request next_seq=0 last_applied=Some(97) is_host=false unconfirmed=0
2026-09-13T12:36:33.541482Z  INFO omdurman::net_socket: ignoring game history that is not ahead of local state
2026-09-13T12:36:33.624617Z  INFO omdurman::picker: movement_overlay_mesh: done green_spawned=4 gray_spawned=51 zoc_spawned=3 budget=9
2026-09-13T12:36:33.774881Z  INFO omdurman::picker: movement_overlay_mesh: done green_spawned=4 gray_spawned=51 zoc_spawned=3 budget=9
2026-09-13T12:36:34.257930Z  INFO omdurman::picker: stack path leg accepted: HexCoord { q: 22, r: 15 } -> HexCoord { q: 21, r: 14 }, cost=1, affordable_units=4, entering_zoc=false
2026-09-13T12:36:34.274681Z  INFO omdurman::picker: movement_overlay_mesh: done green_spawned=6 gray_spawned=48 zoc_spawned=3 budget=8
2026-09-13T12:36:34.792226Z  INFO omdurman::picker: stack path leg accepted: HexCoord { q: 21, r: 14 } -> HexCoord { q: 21, r: 13 }, cost=1, affordable_units=4, entering_zoc=false
2026-09-13T12:36:34.808690Z  INFO omdurman::picker: movement_overlay_mesh: done green_spawned=6 gray_spawned=43 zoc_spawned=3 budget=7
2026-09-13T12:36:35.290757Z  INFO omdurman::picker: stack path leg accepted: HexCoord { q: 21, r: 13 } -> HexCoord { q: 20, r: 12 }, cost=1, affordable_units=4, entering_zoc=false
2026-09-13T12:36:35.308346Z  INFO omdurman::picker: movement_overlay_mesh: done green_spawned=3 gray_spawned=41 zoc_spawned=3 budget=6
2026-09-13T12:36:35.508124Z  INFO omdurman::net_socket: guest: retrying snapshot request next_seq=0 last_applied=Some(97) is_host=false unconfirmed=0
2026-09-13T12:36:35.541257Z  INFO omdurman::net_socket: ignoring game history that is not ahead of local state
2026-09-13T12:36:35.691523Z  INFO omdurman::picker: committing stack path for unit section_name=Mulazmin_II legs=3 cost=3 to.q=20 to.r=12
2026-09-13T12:36:35.691592Z  INFO omdurman::picker: committing stack path for unit section_name=Mulazmin_II legs=3 cost=3 to.q=20 to.r=12
2026-09-13T12:36:35.691604Z  INFO omdurman::picker: committing stack path for unit section_name=Mulazmin_II legs=3 cost=3 to.q=20 to.r=12
2026-09-13T12:36:35.691612Z  INFO omdurman::picker: committing stack path for unit section_name=Mulazmin_II legs=3 cost=3 to.q=20 to.r=12
2026-09-13T12:36:35.707531Z  INFO omdurman::events: forward_local_actions: bridging LocalAction to PendingEdits
2026-09-13T12:36:35.707562Z  INFO omdurman::events: forward_local_actions: bridging LocalAction to PendingEdits
2026-09-13T12:36:35.707571Z  INFO omdurman::events: forward_local_actions: bridging LocalAction to PendingEdits
2026-09-13T12:36:35.707578Z  INFO omdurman::events: forward_local_actions: bridging LocalAction to PendingEdits
2026-09-13T12:36:35.707984Z  INFO omdurman::net_plugin: retransmitting unconfirmed submissions pending=4 stall_secs=0.0
2026-09-13T12:36:35.741640Z  INFO omdurman::net_socket: applied sequenced event seq=98 uid=1643342529555745299
2026-09-13T12:36:35.741667Z  INFO omdurman::net_socket: applied sequenced event seq=99 uid=1643342529555745300
2026-09-13T12:36:35.741679Z  INFO omdurman::net_socket: applied sequenced event seq=100 uid=1643342529555745301
2026-09-13T12:36:35.741688Z  INFO omdurman::net_socket: applied sequenced event seq=101 uid=1643342529555745302
2026-09-13T12:36:35.741697Z  INFO omdurman::net_socket: dropping sequenced delivery of an already-applied event seq=98 uid=1643342529555745299 last_applied=Some(101)
2026-09-13T12:36:35.741706Z  INFO omdurman::net_socket: dropping sequenced delivery of an already-applied event seq=99 uid=1643342529555745300 last_applied=Some(101)
2026-09-13T12:36:35.741715Z  INFO omdurman::net_socket: dropping sequenced delivery of an already-applied event seq=100 uid=1643342529555745301 last_applied=Some(101)
2026-09-13T12:36:35.741723Z  INFO omdurman::net_socket: dropping sequenced delivery of an already-applied event seq=101 uid=1643342529555745302 last_applied=Some(101)
2026-09-13T12:36:36.007507Z  INFO omdurman::picker: movement animation complete entity=25769803154 coord.q=20 coord.r=12
2026-09-13T12:36:36.007555Z  INFO omdurman::picker: movement animation complete entity=25769803121 coord.q=20 coord.r=12
2026-09-13T12:36:36.007564Z  INFO omdurman::picker: movement animation complete entity=25769803136 coord.q=20 coord.r=12
2026-09-13T12:36:36.007571Z  INFO omdurman::picker: movement animation complete entity=25769803164 coord.q=20 coord.r=12
2026-09-13T12:36:37.174674Z  INFO omdurman::picker: movement_overlay_mesh: done green_spawned=4 gray_spawned=48 zoc_spawned=3 budget=9
2026-09-13T12:36:37.307818Z  INFO omdurman::picker: movement_overlay_mesh: done green_spawned=4 gray_spawned=48 zoc_spawned=3 budget=9
2026-09-13T12:36:37.523960Z  INFO omdurman::net_socket: guest: retrying snapshot request next_seq=0 last_applied=Some(101) is_host=false unconfirmed=0
2026-09-13T12:36:37.559579Z  INFO omdurman::net_socket: ignoring game history that is not ahead of local state
2026-09-13T12:36:37.874980Z  INFO omdurman::picker: stack path leg accepted: HexCoord { q: 23, r: 15 } -> HexCoord { q: 22, r: 14 }, cost=1, affordable_units=4, entering_zoc=false
2026-09-13T12:36:37.892254Z  INFO omdurman::picker: movement_overlay_mesh: done green_spawned=6 gray_spawned=45 zoc_spawned=3 budget=8
2026-09-13T12:36:38.340624Z  INFO omdurman::picker: stack path leg accepted: HexCoord { q: 22, r: 14 } -> HexCoord { q: 21, r: 13 }, cost=1, affordable_units=4, entering_zoc=false
2026-09-13T12:36:38.357526Z  INFO omdurman::picker: movement_overlay_mesh: done green_spawned=6 gray_spawned=43 zoc_spawned=3 budget=7
2026-09-13T12:36:38.674570Z  INFO omdurman::picker: committing stack path for unit section_name=Mulazmin_II legs=2 cost=2 to.q=21 to.r=13
2026-09-13T12:36:38.674612Z  INFO omdurman::picker: committing stack path for unit section_name=Mulazmin_II legs=2 cost=2 to.q=21 to.r=13
2026-09-13T12:36:38.674623Z  INFO omdurman::picker: committing stack path for unit section_name=Mulazmin_II legs=2 cost=2 to.q=21 to.r=13
2026-09-13T12:36:38.674630Z  INFO omdurman::picker: committing stack path for unit section_name=Mulazmin_II legs=2 cost=2 to.q=21 to.r=13
2026-09-13T12:36:38.691260Z  INFO omdurman::events: forward_local_actions: bridging LocalAction to PendingEdits
2026-09-13T12:36:38.691291Z  INFO omdurman::events: forward_local_actions: bridging LocalAction to PendingEdits
2026-09-13T12:36:38.691300Z  INFO omdurman::events: forward_local_actions: bridging LocalAction to PendingEdits
2026-09-13T12:36:38.691308Z  INFO omdurman::events: forward_local_actions: bridging LocalAction to PendingEdits
2026-09-13T12:36:38.691783Z  INFO omdurman::net_plugin: retransmitting unconfirmed submissions pending=4 stall_secs=0.0
2026-09-13T12:36:38.725139Z  INFO omdurman::net_socket: applied sequenced event seq=102 uid=1643342529555745303
2026-09-13T12:36:38.725162Z  INFO omdurman::net_socket: applied sequenced event seq=103 uid=1643342529555745304
2026-09-13T12:36:38.725169Z  INFO omdurman::net_socket: applied sequenced event seq=104 uid=1643342529555745305
2026-09-13T12:36:38.725175Z  INFO omdurman::net_socket: applied sequenced event seq=105 uid=1643342529555745306
2026-09-13T12:36:38.725180Z  INFO omdurman::net_socket: dropping sequenced delivery of an already-applied event seq=102 uid=1643342529555745303 last_applied=Some(105)
2026-09-13T12:36:38.725188Z  INFO omdurman::net_socket: dropping sequenced delivery of an already-applied event seq=103 uid=1643342529555745304 last_applied=Some(105)
2026-09-13T12:36:38.725194Z  INFO omdurman::net_socket: dropping sequenced delivery of an already-applied event seq=104 uid=1643342529555745305 last_applied=Some(105)
2026-09-13T12:36:38.725199Z  INFO omdurman::net_socket: dropping sequenced delivery of an already-applied event seq=105 uid=1643342529555745306 last_applied=Some(105)
2026-09-13T12:36:38.991473Z  INFO omdurman::picker: movement animation complete entity=25769803224 coord.q=21 coord.r=13
2026-09-13T12:36:38.991495Z  INFO omdurman::picker: movement animation complete entity=4294966598 coord.q=21 coord.r=13
2026-09-13T12:36:38.991502Z  INFO omdurman::picker: movement animation complete entity=25769803215 coord.q=21 coord.r=13
2026-09-13T12:36:38.991507Z  INFO omdurman::picker: movement animation complete entity=25769803228 coord.q=21 coord.r=13
2026-09-13T12:36:39.524555Z  INFO omdurman::net_socket: guest: retrying snapshot request next_seq=0 last_applied=Some(105) is_host=false unconfirmed=0
2026-09-13T12:36:39.560098Z  INFO omdurman::net_socket: ignoring game history that is not ahead of local state
2026-09-13T12:36:40.708727Z  INFO omdurman::picker: movement_overlay_mesh: done green_spawned=4 gray_spawned=44 zoc_spawned=3 budget=9
2026-09-13T12:36:40.858767Z  INFO omdurman::picker: movement_overlay_mesh: done green_spawned=4 gray_spawned=44 zoc_spawned=3 budget=9
2026-09-13T12:36:41.540696Z  INFO omdurman::net_socket: guest: retrying snapshot request next_seq=0 last_applied=Some(105) is_host=false unconfirmed=0
2026-09-13T12:36:41.574661Z  INFO omdurman::net_socket: ignoring game history that is not ahead of local state
2026-09-13T12:36:42.241401Z  INFO omdurman::picker: movement_overlay_mesh: done green_spawned=4 gray_spawned=44 zoc_spawned=3 budget=9
2026-09-13T12:36:42.391603Z  INFO omdurman::picker: movement_overlay_mesh: done green_spawned=4 gray_spawned=44 zoc_spawned=3 budget=9
2026-09-13T12:36:42.908292Z  INFO omdurman::picker: stack path leg accepted: HexCoord { q: 24, r: 15 } -> HexCoord { q: 23, r: 14 }, cost=1, affordable_units=4, entering_zoc=false
2026-09-13T12:36:42.925533Z  INFO omdurman::picker: movement_overlay_mesh: done green_spawned=6 gray_spawned=41 zoc_spawned=3 budget=8
2026-09-13T12:36:43.459163Z  INFO omdurman::picker: stack path leg accepted: HexCoord { q: 23, r: 14 } -> HexCoord { q: 22, r: 13 }, cost=1, affordable_units=4, entering_zoc=false
2026-09-13T12:36:43.475593Z  INFO omdurman::picker: movement_overlay_mesh: done green_spawned=6 gray_spawned=39 zoc_spawned=3 budget=7
2026-09-13T12:36:43.542933Z  INFO omdurman::net_socket: guest: retrying snapshot request next_seq=0 last_applied=Some(105) is_host=false unconfirmed=0
2026-09-13T12:36:43.575926Z  INFO omdurman::net_socket: ignoring game history that is not ahead of local state
2026-09-13T12:36:43.992778Z  INFO omdurman::picker: stack path leg accepted: HexCoord { q: 22, r: 13 } -> HexCoord { q: 21, r: 12 }, cost=1, affordable_units=4, entering_zoc=false
2026-09-13T12:36:44.009321Z  INFO omdurman::picker: movement_overlay_mesh: done green_spawned=4 gray_spawned=37 zoc_spawned=3 budget=6
2026-09-13T12:36:45.107117Z  INFO omdurman::picker: committing stack path for unit section_name=Ali_Wad_Helu legs=3 cost=3 to.q=21 to.r=12
2026-09-13T12:36:45.107142Z  INFO omdurman::picker: committing stack path for unit section_name=Ali_Wad_Helu legs=3 cost=3 to.q=21 to.r=12
2026-09-13T12:36:45.107153Z  INFO omdurman::picker: committing stack path for unit section_name=Ali_Wad_Helu legs=3 cost=3 to.q=21 to.r=12
2026-09-13T12:36:45.107163Z  INFO omdurman::picker: committing stack path for unit section_name=Ali_Wad_Helu legs=3 cost=3 to.q=21 to.r=12
2026-09-13T12:36:45.107183Z  INFO omdurman::events: forward_local_actions: bridging LocalAction to PendingEdits
2026-09-13T12:36:45.107192Z  INFO omdurman::events: forward_local_actions: bridging LocalAction to PendingEdits
2026-09-13T12:36:45.107197Z  INFO omdurman::events: forward_local_actions: bridging LocalAction to PendingEdits
2026-09-13T12:36:45.107204Z  INFO omdurman::events: forward_local_actions: bridging LocalAction to PendingEdits
2026-09-13T12:36:45.107582Z  INFO omdurman::net_plugin: retransmitting unconfirmed submissions pending=4 stall_secs=0.0
2026-09-13T12:36:45.140692Z  INFO omdurman::net_socket: applied sequenced event seq=106 uid=1643342529555745307
2026-09-13T12:36:45.140731Z  INFO omdurman::net_socket: applied sequenced event seq=107 uid=1643342529555745308
2026-09-13T12:36:45.140742Z  INFO omdurman::net_socket: applied sequenced event seq=108 uid=1643342529555745309
2026-09-13T12:36:45.140751Z  INFO omdurman::net_socket: applied sequenced event seq=109 uid=1643342529555745310
2026-09-13T12:36:45.140758Z  INFO omdurman::net_socket: dropping sequenced delivery of an already-applied event seq=106 uid=1643342529555745307 last_applied=Some(109)
2026-09-13T12:36:45.140770Z  INFO omdurman::net_socket: dropping sequenced delivery of an already-applied event seq=107 uid=1643342529555745308 last_applied=Some(109)
2026-09-13T12:36:45.140780Z  INFO omdurman::net_socket: dropping sequenced delivery of an already-applied event seq=108 uid=1643342529555745309 last_applied=Some(109)
2026-09-13T12:36:45.140788Z  INFO omdurman::net_socket: dropping sequenced delivery of an already-applied event seq=109 uid=1643342529555745310 last_applied=Some(109)
2026-09-13T12:36:45.424080Z  INFO omdurman::picker: movement animation complete entity=34359737811 coord.q=21 coord.r=12
2026-09-13T12:36:45.424105Z  INFO omdurman::picker: movement animation complete entity=30064770488 coord.q=21 coord.r=12
2026-09-13T12:36:45.424114Z  INFO omdurman::picker: movement animation complete entity=34359737743 coord.q=21 coord.r=12
2026-09-13T12:36:45.424119Z  INFO omdurman::picker: movement animation complete entity=38654705071 coord.q=21 coord.r=12
2026-09-13T12:36:45.558124Z  INFO omdurman::net_socket: guest: retrying snapshot request next_seq=0 last_applied=Some(109) is_host=false unconfirmed=0
2026-09-13T12:36:45.590899Z  INFO omdurman::net_socket: ignoring game history that is not ahead of local state
2026-09-13T12:36:47.574851Z  INFO omdurman::net_socket: guest: retrying snapshot request next_seq=0 last_applied=Some(109) is_host=false unconfirmed=0
2026-09-13T12:36:47.608468Z  INFO omdurman::net_socket: ignoring game history that is not ahead of local state
2026-09-13T12:36:48.540123Z  INFO omdurman::picker: movement_overlay_mesh: done green_spawned=3 gray_spawned=41 zoc_spawned=6 budget=9
2026-09-13T12:36:49.273156Z  INFO omdurman::picker: path leg accepted: HexCoord { q: 24, r: 12 } -> HexCoord { q: 23, r: 12 }, cost=1, remaining_mp=8, entering_zoc=false
2026-09-13T12:36:49.290465Z  INFO omdurman::picker: movement_overlay_mesh: done green_spawned=6 gray_spawned=37 zoc_spawned=3 budget=8
2026-09-13T12:36:49.592110Z  INFO omdurman::net_socket: guest: retrying snapshot request next_seq=0 last_applied=Some(109) is_host=false unconfirmed=0
2026-09-13T12:36:49.624047Z  INFO omdurman::net_socket: ignoring game history that is not ahead of local state
2026-09-13T12:36:49.640778Z  INFO omdurman::picker: path leg accepted: HexCoord { q: 23, r: 12 } -> HexCoord { q: 22, r: 11 }, cost=1, remaining_mp=7, entering_zoc=false
2026-09-13T12:36:49.657731Z  INFO omdurman::picker: movement_overlay_mesh: done green_spawned=4 gray_spawned=36 zoc_spawned=2 budget=7
2026-09-13T12:36:50.207434Z  INFO omdurman::picker: path leg accepted: HexCoord { q: 22, r: 11 } -> HexCoord { q: 22, r: 10 }, cost=1, remaining_mp=6, entering_zoc=false
2026-09-13T12:36:50.223483Z  INFO omdurman::picker: movement_overlay_mesh: done green_spawned=5 gray_spawned=27 zoc_spawned=2 budget=6
2026-09-13T12:36:50.841310Z  INFO omdurman::picker: path leg accepted: HexCoord { q: 22, r: 10 } -> HexCoord { q: 21, r: 9 }, cost=1, remaining_mp=5, entering_zoc=false
2026-09-13T12:36:50.857875Z  INFO omdurman::picker: movement_overlay_mesh: done green_spawned=4 gray_spawned=19 zoc_spawned=1 budget=5
2026-09-13T12:36:51.424135Z  INFO omdurman::picker: committing path section_name=Hadendowa legs=4 total_cost=4
2026-09-13T12:36:51.424178Z  INFO omdurman::events: forward_local_actions: bridging LocalAction to PendingEdits
2026-09-13T12:36:51.424535Z  INFO omdurman::net_plugin: retransmitting unconfirmed submissions pending=1 stall_secs=0.0
2026-09-13T12:36:51.458634Z  INFO omdurman::net_socket: applied sequenced event seq=110 uid=1643342529555745311
2026-09-13T12:36:51.458681Z  INFO omdurman::net_socket: dropping sequenced delivery of an already-applied event seq=110 uid=1643342529555745311 last_applied=Some(110)
2026-09-13T12:36:51.608498Z  INFO omdurman::net_socket: guest: retrying snapshot request next_seq=0 last_applied=Some(110) is_host=false unconfirmed=0
2026-09-13T12:36:51.641975Z  INFO omdurman::net_socket: ignoring game history that is not ahead of local state
2026-09-13T12:36:51.740710Z  INFO omdurman::picker: movement animation complete entity=64424508797 coord.q=21 coord.r=9
2026-09-13T12:36:52.892757Z  INFO omdurman::picker: movement_overlay_mesh: done green_spawned=5 gray_spawned=27 zoc_spawned=2 budget=7
2026-09-13T12:36:53.573925Z  INFO omdurman::picker: path leg accepted: HexCoord { q: 22, r: 9 } -> HexCoord { q: 22, r: 10 }, cost=1, remaining_mp=6, entering_zoc=false
2026-09-13T12:36:53.590894Z  INFO omdurman::picker: movement_overlay_mesh: done green_spawned=5 gray_spawned=27 zoc_spawned=2 budget=6
2026-09-13T12:36:53.624977Z  INFO omdurman::net_socket: guest: retrying snapshot request next_seq=0 last_applied=Some(110) is_host=false unconfirmed=0
2026-09-13T12:36:53.658082Z  INFO omdurman::net_socket: ignoring game history that is not ahead of local state
2026-09-13T12:36:54.257669Z  INFO omdurman::picker: path leg accepted: HexCoord { q: 22, r: 10 } -> HexCoord { q: 21, r: 10 }, cost=1, remaining_mp=5, entering_zoc=true
2026-09-13T12:36:54.275066Z  INFO omdurman::picker: movement_overlay_mesh: done green_spawned=3 gray_spawned=14 zoc_spawned=1 budget=5
2026-09-13T12:36:55.025049Z  INFO omdurman::picker: committing path section_name=Khalifa_Abdullah legs=2 total_cost=2
2026-09-13T12:36:55.025118Z  INFO omdurman::events: forward_local_actions: bridging LocalAction to PendingEdits
2026-09-13T12:36:55.025605Z  INFO omdurman::net_plugin: retransmitting unconfirmed submissions pending=1 stall_secs=0.0
2026-09-13T12:36:55.058486Z  INFO omdurman::net_socket: applied sequenced event seq=111 uid=1643342529555745312
2026-09-13T12:36:55.058534Z  INFO omdurman::net_socket: dropping sequenced delivery of an already-applied event seq=111 uid=1643342529555745312 last_applied=Some(111)
2026-09-13T12:36:55.341628Z  INFO omdurman::picker: movement animation complete entity=51539606915 coord.q=21 coord.r=10
2026-09-13T12:36:55.625225Z  INFO omdurman::net_socket: guest: retrying snapshot request next_seq=0 last_applied=Some(111) is_host=false unconfirmed=0
2026-09-13T12:36:55.657833Z  INFO omdurman::net_socket: ignoring game history that is not ahead of local state
2026-09-13T12:36:56.257596Z  INFO omdurman::picker: movement_overlay_mesh: done green_spawned=5 gray_spawned=31 zoc_spawned=2 budget=7
2026-09-13T12:36:56.924575Z  INFO omdurman::picker: path leg accepted: HexCoord { q: 23, r: 11 } -> HexCoord { q: 22, r: 10 }, cost=1, remaining_mp=6, entering_zoc=false
2026-09-13T12:36:56.940981Z  INFO omdurman::picker: movement_overlay_mesh: done green_spawned=5 gray_spawned=27 zoc_spawned=2 budget=6
2026-09-13T12:36:57.625844Z  INFO omdurman::net_socket: guest: retrying snapshot request next_seq=0 last_applied=Some(111) is_host=false unconfirmed=0
2026-09-13T12:36:57.658583Z  INFO omdurman::net_socket: ignoring game history that is not ahead of local state
2026-09-13T12:36:57.860018Z  INFO omdurman::picker: path leg accepted: HexCoord { q: 22, r: 10 } -> HexCoord { q: 21, r: 10 }, cost=1, remaining_mp=5, entering_zoc=true
2026-09-13T12:36:57.876407Z  INFO omdurman::picker: movement_overlay_mesh: done green_spawned=3 gray_spawned=14 zoc_spawned=1 budget=5
2026-09-13T12:36:59.224275Z  INFO omdurman::picker: path leg rejected source=25769803071 adjacent=true enemy_occupied=false passable=true affordable=true stacking_ok=true forced_stop=true entering_zoc=true cost=1 remaining_mp=5
2026-09-13T12:36:59.641266Z  INFO omdurman::net_socket: guest: retrying snapshot request next_seq=0 last_applied=Some(111) is_host=false unconfirmed=0
2026-09-13T12:36:59.675143Z  INFO omdurman::net_socket: ignoring game history that is not ahead of local state
2026-09-13T12:37:00.475014Z  INFO omdurman::picker: committing path section_name=Khalifa_Abdullah legs=2 total_cost=2
2026-09-13T12:37:00.475060Z  INFO omdurman::events: forward_local_actions: bridging LocalAction to PendingEdits
2026-09-13T12:37:00.475505Z  INFO omdurman::net_plugin: retransmitting unconfirmed submissions pending=1 stall_secs=0.0
2026-09-13T12:37:00.508101Z  INFO omdurman::net_socket: applied sequenced event seq=112 uid=1643342529555745313
2026-09-13T12:37:00.508127Z  INFO omdurman::net_socket: dropping sequenced delivery of an already-applied event seq=112 uid=1643342529555745313 last_applied=Some(112)
2026-09-13T12:37:00.775135Z  INFO omdurman::picker: movement animation complete entity=25769803071 coord.q=21 coord.r=10
2026-09-13T12:37:01.642820Z  INFO omdurman::net_socket: guest: retrying snapshot request next_seq=0 last_applied=Some(112) is_host=false unconfirmed=0
2026-09-13T12:37:01.675365Z  INFO omdurman::net_socket: ignoring game history that is not ahead of local state
2026-09-13T12:37:01.908833Z  INFO omdurman::picker: movement_overlay_mesh: done green_spawned=3 gray_spawned=29 zoc_spawned=2 budget=7
2026-09-13T12:37:03.657598Z  INFO omdurman::net_socket: guest: retrying snapshot request next_seq=0 last_applied=Some(112) is_host=false unconfirmed=0
2026-09-13T12:37:03.690067Z  INFO omdurman::net_socket: ignoring game history that is not ahead of local state
2026-09-13T12:37:04.008135Z  INFO omdurman::picker: path leg accepted: HexCoord { q: 23, r: 10 } -> HexCoord { q: 22, r: 10 }, cost=1, remaining_mp=6, entering_zoc=false
2026-09-13T12:37:04.024538Z  INFO omdurman::picker: movement_overlay_mesh: done green_spawned=5 gray_spawned=27 zoc_spawned=2 budget=6
2026-09-13T12:37:05.675257Z  INFO omdurman::net_socket: guest: retrying snapshot request next_seq=0 last_applied=Some(112) is_host=false unconfirmed=0
2026-09-13T12:37:05.708256Z  INFO omdurman::net_socket: ignoring game history that is not ahead of local state
2026-09-13T12:37:06.008464Z  INFO omdurman::picker: path leg accepted: HexCoord { q: 22, r: 10 } -> HexCoord { q: 21, r: 10 }, cost=1, remaining_mp=5, entering_zoc=true
2026-09-13T12:37:06.024894Z  INFO omdurman::picker: movement_overlay_mesh: done green_spawned=3 gray_spawned=14 zoc_spawned=1 budget=5
2026-09-13T12:37:06.575860Z  INFO omdurman::picker: committing path section_name=Khalifa_Abdullah legs=2 total_cost=2
2026-09-13T12:37:06.593398Z  INFO omdurman::events: forward_local_actions: bridging LocalAction to PendingEdits
2026-09-13T12:37:06.593825Z  INFO omdurman::net_plugin: retransmitting unconfirmed submissions pending=1 stall_secs=0.0
2026-09-13T12:37:06.625413Z  INFO omdurman::net_socket: applied sequenced event seq=113 uid=1643342529555745314
2026-09-13T12:37:06.625436Z  INFO omdurman::net_socket: dropping sequenced delivery of an already-applied event seq=113 uid=1643342529555745314 last_applied=Some(113)
2026-09-13T12:37:06.891218Z  INFO omdurman::picker: movement animation complete entity=55834574191 coord.q=21 coord.r=10
2026-09-13T12:37:07.692468Z  INFO omdurman::net_socket: guest: retrying snapshot request next_seq=0 last_applied=Some(113) is_host=false unconfirmed=0
2026-09-13T12:37:07.725952Z  INFO omdurman::net_socket: ignoring game history that is not ahead of local state
2026-09-13T12:37:08.723154Z  INFO omdurman::picker: movement_overlay_mesh: done green_spawned=5 gray_spawned=42 zoc_spawned=3 budget=9
2026-09-13T12:37:09.708593Z  INFO omdurman::net_socket: guest: retrying snapshot request next_seq=0 last_applied=Some(113) is_host=false unconfirmed=0
2026-09-13T12:37:09.741681Z  INFO omdurman::net_socket: ignoring game history that is not ahead of local state
2026-09-13T12:37:09.857837Z  INFO omdurman::picker: path leg accepted: HexCoord { q: 24, r: 13 } -> HexCoord { q: 23, r: 12 }, cost=1, remaining_mp=8, entering_zoc=false
2026-09-13T12:37:09.875104Z  INFO omdurman::picker: movement_overlay_mesh: done green_spawned=6 gray_spawned=37 zoc_spawned=3 budget=8
2026-09-13T12:37:10.524466Z  INFO omdurman::picker: path leg accepted: HexCoord { q: 23, r: 12 } -> HexCoord { q: 22, r: 11 }, cost=1, remaining_mp=7, entering_zoc=false
2026-09-13T12:37:10.541350Z  INFO omdurman::picker: movement_overlay_mesh: done green_spawned=4 gray_spawned=36 zoc_spawned=2 budget=7
2026-09-13T12:37:11.709386Z  INFO omdurman::net_socket: guest: retrying snapshot request next_seq=0 last_applied=Some(113) is_host=false unconfirmed=0
2026-09-13T12:37:11.742212Z  INFO omdurman::net_socket: ignoring game history that is not ahead of local state
2026-09-13T12:37:12.342245Z  INFO omdurman::picker: path leg accepted: HexCoord { q: 22, r: 11 } -> HexCoord { q: 21, r: 10 }, cost=1, remaining_mp=6, entering_zoc=true
2026-09-13T12:37:12.359119Z  INFO omdurman::picker: movement_overlay_mesh: done green_spawned=3 gray_spawned=21 zoc_spawned=1 budget=6
2026-09-13T12:37:13.723915Z  WARN omdurman::picker: commit rejected: final destination breaks the §5.51 stacking cap section_name=Ali_Wad_Helu final_dest.q=21 final_dest.r=10
2026-09-13T12:37:13.724225Z  INFO omdurman::net_socket: guest: retrying snapshot request next_seq=0 last_applied=Some(113) is_host=false unconfirmed=0
2026-09-13T12:37:13.756550Z  INFO omdurman::net_socket: ignoring game history that is not ahead of local state
2026-09-13T12:37:14.289838Z  WARN omdurman::picker: commit rejected: final destination breaks the §5.51 stacking cap section_name=Ali_Wad_Helu final_dest.q=21 final_dest.r=10
2026-09-13T12:37:14.490987Z  WARN omdurman::picker: commit rejected: final destination breaks the §5.51 stacking cap section_name=Ali_Wad_Helu final_dest.q=21 final_dest.r=10
2026-09-13T12:37:15.590984Z  INFO omdurman::picker: path leg rejected source=47244639713 adjacent=true enemy_occupied=false passable=true affordable=true stacking_ok=true forced_stop=true entering_zoc=false cost=1 remaining_mp=6
2026-09-13T12:37:15.725125Z  INFO omdurman::net_socket: guest: retrying snapshot request next_seq=0 last_applied=Some(113) is_host=false unconfirmed=0
2026-09-13T12:37:15.758444Z  INFO omdurman::net_socket: ignoring game history that is not ahead of local state
2026-09-13T12:37:16.691822Z  INFO omdurman::picker: path leg rejected source=47244639713 adjacent=false enemy_occupied=false passable=true affordable=false stacking_ok=true forced_stop=true entering_zoc=false cost=0 remaining_mp=6
2026-09-13T12:37:17.125270Z  INFO omdurman::picker: path leg rejected source=47244639713 adjacent=false enemy_occupied=false passable=true affordable=false stacking_ok=false forced_stop=true entering_zoc=false cost=0 remaining_mp=6
2026-09-13T12:37:17.725763Z  INFO omdurman::net_socket: guest: retrying snapshot request next_seq=0 last_applied=Some(113) is_host=false unconfirmed=0
2026-09-13T12:37:17.759457Z  INFO omdurman::net_socket: ignoring game history that is not ahead of local state
2026-09-13T12:37:18.608386Z  INFO omdurman::picker: path leg rejected source=47244639713 adjacent=false enemy_occupied=false passable=true affordable=false stacking_ok=false forced_stop=true entering_zoc=false cost=0 remaining_mp=6
2026-09-13T12:37:18.740585Z  INFO omdurman::picker: movement_overlay_mesh: done green_spawned=3 gray_spawned=41 zoc_spawned=3 budget=9
2026-09-13T12:37:19.741692Z  INFO omdurman::net_socket: guest: retrying snapshot request next_seq=0 last_applied=Some(113) is_host=false unconfirmed=0
2026-09-13T12:37:19.775272Z  INFO omdurman::net_socket: ignoring game history that is not ahead of local state
2026-09-13T12:37:19.775578Z  INFO omdurman::picker: stack path leg rejected adjacent=false enemy_occupied=false passable=true affordable=false stacking_ok=true forced_stop=false entering_zoc=false cost=0
2026-09-13T12:37:20.708767Z  INFO omdurman::picker: stack path leg rejected adjacent=false enemy_occupied=false passable=true affordable=false stacking_ok=true forced_stop=false entering_zoc=false cost=0
2026-09-13T12:37:20.858340Z  INFO omdurman::picker: movement_overlay_mesh: done green_spawned=5 gray_spawned=42 zoc_spawned=3 budget=9
2026-09-13T12:37:21.757181Z  INFO omdurman::net_socket: guest: retrying snapshot request next_seq=0 last_applied=Some(113) is_host=false unconfirmed=0
2026-09-13T12:37:21.789768Z  INFO omdurman::net_socket: ignoring game history that is not ahead of local state
2026-09-13T12:37:22.408185Z  INFO omdurman::picker: stack path leg accepted: HexCoord { q: 24, r: 13 } -> HexCoord { q: 23, r: 12 }, cost=1, affordable_units=1, entering_zoc=false
2026-09-13T12:37:22.424817Z  INFO omdurman::picker: movement_overlay_mesh: done green_spawned=6 gray_spawned=37 zoc_spawned=3 budget=8
2026-09-13T12:37:23.025157Z  INFO omdurman::picker: stack path leg accepted: HexCoord { q: 23, r: 12 } -> HexCoord { q: 22, r: 11 }, cost=1, affordable_units=1, entering_zoc=false
2026-09-13T12:37:23.041503Z  INFO omdurman::picker: movement_overlay_mesh: done green_spawned=4 gray_spawned=36 zoc_spawned=2 budget=7
2026-09-13T12:37:23.625047Z  INFO omdurman::picker: committing stack path for unit section_name=Ali_Wad_Helu legs=5 cost=5 to.q=22 to.r=11
2026-09-13T12:37:23.641300Z  INFO omdurman::events: forward_local_actions: bridging LocalAction to PendingEdits
2026-09-13T12:37:23.642478Z  INFO omdurman::net_plugin: retransmitting unconfirmed submissions pending=1 stall_secs=0.0
2026-09-13T12:37:23.674968Z  INFO omdurman::net_socket: applied sequenced event seq=114 uid=1643342529555745315
2026-09-13T12:37:23.674988Z  INFO omdurman::net_socket: dropping sequenced delivery of an already-applied event seq=114 uid=1643342529555745315 last_applied=Some(114)
2026-09-13T12:37:23.675370Z  WARN omdurman::placement: move rejected by rules engine error=movement may not pass through an enemy zone of control at HexCoord { q: 21, r: 10 } unit_id=AliWadHelu_5_0 to.q=22 to.r=11
2026-09-13T12:37:23.758977Z  INFO omdurman::net_socket: guest: retrying snapshot request next_seq=0 last_applied=Some(114) is_host=false unconfirmed=0
2026-09-13T12:37:23.791906Z  INFO omdurman::net_socket: ignoring game history that is not ahead of local state
2026-09-13T12:37:25.342617Z  INFO omdurman::picker: movement_overlay_mesh: done green_spawned=5 gray_spawned=42 zoc_spawned=3 budget=9
2026-09-13T12:37:25.759252Z  INFO omdurman::net_socket: guest: retrying snapshot request next_seq=0 last_applied=Some(114) is_host=false unconfirmed=0
2026-09-13T12:37:25.792877Z  INFO omdurman::net_socket: ignoring game history that is not ahead of local state
2026-09-13T12:37:26.026385Z  INFO omdurman::picker: path leg accepted: HexCoord { q: 24, r: 13 } -> HexCoord { q: 23, r: 12 }, cost=1, remaining_mp=8, entering_zoc=false
2026-09-13T12:37:26.043222Z  INFO omdurman::picker: movement_overlay_mesh: done green_spawned=6 gray_spawned=37 zoc_spawned=3 budget=8
2026-09-13T12:37:26.509452Z  INFO omdurman::picker: path leg accepted: HexCoord { q: 23, r: 12 } -> HexCoord { q: 22, r: 11 }, cost=1, remaining_mp=7, entering_zoc=false
2026-09-13T12:37:26.526327Z  INFO omdurman::picker: movement_overlay_mesh: done green_spawned=4 gray_spawned=36 zoc_spawned=2 budget=7
2026-09-13T12:37:26.974385Z  INFO omdurman::picker: committing path section_name=Ali_Wad_Helu legs=2 total_cost=2
2026-09-13T12:37:26.974433Z  INFO omdurman::events: forward_local_actions: bridging LocalAction to PendingEdits
2026-09-13T12:37:26.974929Z  INFO omdurman::net_plugin: retransmitting unconfirmed submissions pending=1 stall_secs=0.0
2026-09-13T12:37:27.006928Z  INFO omdurman::net_socket: applied sequenced event seq=115 uid=1643342529555745316
2026-09-13T12:37:27.006954Z  INFO omdurman::net_socket: dropping sequenced delivery of an already-applied event seq=115 uid=1643342529555745316 last_applied=Some(115)
2026-09-13T12:37:27.290180Z  INFO omdurman::picker: movement animation complete entity=47244639713 coord.q=22 coord.r=11
2026-09-13T12:37:27.775922Z  INFO omdurman::net_socket: guest: retrying snapshot request next_seq=0 last_applied=Some(115) is_host=false unconfirmed=0
2026-09-13T12:37:27.808426Z  INFO omdurman::net_socket: ignoring game history that is not ahead of local state
2026-09-13T12:37:28.625658Z  INFO omdurman::picker: movement_overlay_mesh: done green_spawned=4 gray_spawned=36 zoc_spawned=2 budget=7
2026-09-13T12:37:29.441061Z  INFO omdurman::picker: path leg accepted: HexCoord { q: 22, r: 11 } -> HexCoord { q: 22, r: 10 }, cost=1, remaining_mp=6, entering_zoc=false
2026-09-13T12:37:29.458681Z  INFO omdurman::picker: movement_overlay_mesh: done green_spawned=5 gray_spawned=27 zoc_spawned=2 budget=6
2026-09-13T12:37:29.791066Z  INFO omdurman::net_socket: guest: retrying snapshot request next_seq=0 last_applied=Some(115) is_host=false unconfirmed=0
2026-09-13T12:37:29.824474Z  INFO omdurman::net_socket: ignoring game history that is not ahead of local state
2026-09-13T12:37:31.640787Z  INFO omdurman::picker: path leg rejected source=47244639713 adjacent=false enemy_occupied=false passable=false affordable=false stacking_ok=true forced_stop=false entering_zoc=false cost=0 remaining_mp=6
2026-09-13T12:37:31.791252Z  INFO omdurman::picker: path leg rejected source=47244639713 adjacent=false enemy_occupied=false passable=false affordable=false stacking_ok=true forced_stop=false entering_zoc=false cost=0 remaining_mp=6
2026-09-13T12:37:31.808469Z  INFO omdurman::net_socket: guest: retrying snapshot request next_seq=0 last_applied=Some(115) is_host=false unconfirmed=0
2026-09-13T12:37:31.840847Z  INFO omdurman::net_socket: ignoring game history that is not ahead of local state
2026-09-13T12:37:32.125003Z  INFO omdurman::picker: path leg rejected source=47244639713 adjacent=false enemy_occupied=false passable=false affordable=false stacking_ok=true forced_stop=false entering_zoc=false cost=0 remaining_mp=6
2026-09-13T12:37:32.874954Z  INFO omdurman::picker: path leg rejected source=47244639713 adjacent=false enemy_occupied=false passable=true affordable=false stacking_ok=true forced_stop=false entering_zoc=false cost=0 remaining_mp=6
2026-09-13T12:37:33.775590Z  INFO omdurman::picker: path leg rejected source=47244639713 adjacent=false enemy_occupied=false passable=true affordable=false stacking_ok=false forced_stop=false entering_zoc=false cost=0 remaining_mp=6
2026-09-13T12:37:33.824399Z  INFO omdurman::net_socket: guest: retrying snapshot request next_seq=0 last_applied=Some(115) is_host=false unconfirmed=0
2026-09-13T12:37:33.858165Z  INFO omdurman::net_socket: ignoring game history that is not ahead of local state
2026-09-13T12:37:33.924697Z  INFO omdurman::picker: movement_overlay_mesh: done green_spawned=3 gray_spawned=41 zoc_spawned=3 budget=9
2026-09-13T12:37:34.658643Z  INFO omdurman::picker: stack path leg accepted: HexCoord { q: 25, r: 14 } -> HexCoord { q: 24, r: 13 }, cost=1, affordable_units=2, entering_zoc=false
2026-09-13T12:37:34.675753Z  INFO omdurman::picker: movement_overlay_mesh: done green_spawned=5 gray_spawned=37 zoc_spawned=3 budget=8
2026-09-13T12:37:35.090102Z  INFO omdurman::picker: stack path leg accepted: HexCoord { q: 24, r: 13 } -> HexCoord { q: 23, r: 12 }, cost=1, affordable_units=2, entering_zoc=false
2026-09-13T12:37:35.106482Z  INFO omdurman::picker: movement_overlay_mesh: done green_spawned=6 gray_spawned=33 zoc_spawned=2 budget=7
2026-09-13T12:37:35.489591Z  INFO omdurman::picker: stack path leg accepted: HexCoord { q: 23, r: 12 } -> HexCoord { q: 23, r: 11 }, cost=1, affordable_units=2, entering_zoc=false
2026-09-13T12:37:35.506999Z  INFO omdurman::picker: movement_overlay_mesh: done green_spawned=5 gray_spawned=26 zoc_spawned=2 budget=6
2026-09-13T12:37:35.839573Z  INFO omdurman::net_socket: guest: retrying snapshot request next_seq=0 last_applied=Some(115) is_host=false unconfirmed=0
2026-09-13T12:37:35.873528Z  INFO omdurman::net_socket: ignoring game history that is not ahead of local state
2026-09-13T12:37:35.873855Z  INFO omdurman::picker: stack path leg accepted: HexCoord { q: 23, r: 11 } -> HexCoord { q: 22, r: 10 }, cost=1, affordable_units=2, entering_zoc=false
2026-09-13T12:37:35.890479Z  INFO omdurman::picker: movement_overlay_mesh: done green_spawned=5 gray_spawned=23 zoc_spawned=2 budget=5
2026-09-13T12:37:36.307045Z  INFO omdurman::picker: committing stack path for unit section_name=Ali_Wad_Helu legs=5 cost=5 to.q=22 to.r=10
2026-09-13T12:37:36.307092Z  INFO omdurman::picker: committing stack path for unit section_name=Ali_Wad_Helu legs=5 cost=5 to.q=22 to.r=10
2026-09-13T12:37:36.307144Z  INFO omdurman::events: forward_local_actions: bridging LocalAction to PendingEdits
2026-09-13T12:37:36.307164Z  INFO omdurman::events: forward_local_actions: bridging LocalAction to PendingEdits
2026-09-13T12:37:36.307484Z  INFO omdurman::net_plugin: retransmitting unconfirmed submissions pending=2 stall_secs=0.0
2026-09-13T12:37:36.340987Z  INFO omdurman::net_socket: applied sequenced event seq=116 uid=1643342529555745317
2026-09-13T12:37:36.341015Z  INFO omdurman::net_socket: applied sequenced event seq=117 uid=1643342529555745318
2026-09-13T12:37:36.341024Z  INFO omdurman::net_socket: dropping sequenced delivery of an already-applied event seq=116 uid=1643342529555745317 last_applied=Some(117)
2026-09-13T12:37:36.341032Z  INFO omdurman::net_socket: dropping sequenced delivery of an already-applied event seq=117 uid=1643342529555745318 last_applied=Some(117)
2026-09-13T12:37:36.607310Z  INFO omdurman::picker: movement animation complete entity=47244639655 coord.q=22 coord.r=10
2026-09-13T12:37:36.607338Z  INFO omdurman::picker: movement animation complete entity=42949672330 coord.q=22 coord.r=10
2026-09-13T12:37:37.790851Z  INFO omdurman::picker: movement_overlay_mesh: done green_spawned=3 gray_spawned=41 zoc_spawned=3 budget=9
2026-09-13T12:37:37.841887Z  INFO omdurman::net_socket: guest: retrying snapshot request next_seq=0 last_applied=Some(117) is_host=false unconfirmed=0
2026-09-13T12:37:37.874976Z  INFO omdurman::net_socket: ignoring game history that is not ahead of local state
2026-09-13T12:37:37.908311Z  INFO omdurman::picker: movement_overlay_mesh: done green_spawned=3 gray_spawned=41 zoc_spawned=3 budget=9
2026-09-13T12:37:39.474989Z  INFO omdurman::picker: stack path leg accepted: HexCoord { q: 25, r: 15 } -> HexCoord { q: 24, r: 14 }, cost=1, affordable_units=4, entering_zoc=false
2026-09-13T12:37:39.492062Z  INFO omdurman::picker: movement_overlay_mesh: done green_spawned=6 gray_spawned=37 zoc_spawned=3 budget=8
2026-09-13T12:37:39.858368Z  INFO omdurman::net_socket: guest: retrying snapshot request next_seq=0 last_applied=Some(117) is_host=false unconfirmed=0
2026-09-13T12:37:39.891465Z  INFO omdurman::net_socket: ignoring game history that is not ahead of local state
2026-09-13T12:37:39.944468Z  INFO omdurman::picker: stack path leg accepted: HexCoord { q: 24, r: 14 } -> HexCoord { q: 24, r: 13 }, cost=1, affordable_units=4, entering_zoc=false
2026-09-13T12:37:39.958806Z  INFO omdurman::picker: movement_overlay_mesh: done green_spawned=5 gray_spawned=33 zoc_spawned=2 budget=7
2026-09-13T12:37:40.408762Z  INFO omdurman::picker: stack path leg accepted: HexCoord { q: 24, r: 13 } -> HexCoord { q: 23, r: 12 }, cost=1, affordable_units=4, entering_zoc=false
2026-09-13T12:37:40.425858Z  INFO omdurman::picker: movement_overlay_mesh: done green_spawned=6 gray_spawned=28 zoc_spawned=2 budget=6
2026-09-13T12:37:40.906678Z  INFO omdurman::picker: stack path leg accepted: HexCoord { q: 23, r: 12 } -> HexCoord { q: 23, r: 11 }, cost=1, affordable_units=4, entering_zoc=false
2026-09-13T12:37:40.924466Z  INFO omdurman::picker: movement_overlay_mesh: done green_spawned=5 gray_spawned=22 zoc_spawned=2 budget=5
2026-09-13T12:37:41.724889Z  INFO omdurman::picker: committing stack path for unit section_name=Ali_Wad_Helu legs=4 cost=4 to.q=23 to.r=11
2026-09-13T12:37:41.724930Z  INFO omdurman::picker: committing stack path for unit section_name=Ali_Wad_Helu legs=4 cost=4 to.q=23 to.r=11
2026-09-13T12:37:41.724939Z  INFO omdurman::picker: committing stack path for unit section_name=Ali_Wad_Helu legs=4 cost=4 to.q=23 to.r=11
2026-09-13T12:37:41.724946Z  INFO omdurman::picker: committing stack path for unit section_name=Ali_Wad_Helu legs=4 cost=4 to.q=23 to.r=11
2026-09-13T12:37:41.741430Z  INFO omdurman::events: forward_local_actions: bridging LocalAction to PendingEdits
2026-09-13T12:37:41.741460Z  INFO omdurman::events: forward_local_actions: bridging LocalAction to PendingEdits
2026-09-13T12:37:41.741468Z  INFO omdurman::events: forward_local_actions: bridging LocalAction to PendingEdits
2026-09-13T12:37:41.741475Z  INFO omdurman::events: forward_local_actions: bridging LocalAction to PendingEdits
2026-09-13T12:37:41.741990Z  INFO omdurman::net_plugin: retransmitting unconfirmed submissions pending=4 stall_secs=0.0
2026-09-13T12:37:41.775289Z  INFO omdurman::net_socket: applied sequenced event seq=118 uid=1643342529555745319
2026-09-13T12:37:41.775341Z  INFO omdurman::net_socket: applied sequenced event seq=119 uid=1643342529555745320
2026-09-13T12:37:41.775350Z  INFO omdurman::net_socket: applied sequenced event seq=120 uid=1643342529555745321
2026-09-13T12:37:41.775357Z  INFO omdurman::net_socket: applied sequenced event seq=121 uid=1643342529555745322
2026-09-13T12:37:41.775364Z  INFO omdurman::net_socket: dropping sequenced delivery of an already-applied event seq=118 uid=1643342529555745319 last_applied=Some(121)
2026-09-13T12:37:41.775378Z  INFO omdurman::net_socket: dropping sequenced delivery of an already-applied event seq=119 uid=1643342529555745320 last_applied=Some(121)
2026-09-13T12:37:41.775388Z  INFO omdurman::net_socket: dropping sequenced delivery of an already-applied event seq=120 uid=1643342529555745321 last_applied=Some(121)
2026-09-13T12:37:41.775395Z  INFO omdurman::net_socket: dropping sequenced delivery of an already-applied event seq=121 uid=1643342529555745322 last_applied=Some(121)
2026-09-13T12:37:41.875258Z  INFO omdurman::net_socket: guest: retrying snapshot request next_seq=0 last_applied=Some(121) is_host=false unconfirmed=0
2026-09-13T12:37:41.907975Z  INFO omdurman::net_socket: ignoring game history that is not ahead of local state
2026-09-13T12:37:42.041008Z  INFO omdurman::picker: movement animation complete entity=17179868484 coord.q=23 coord.r=11
2026-09-13T12:37:42.041037Z  INFO omdurman::picker: movement animation complete entity=12884901198 coord.q=23 coord.r=11
2026-09-13T12:37:42.041046Z  INFO omdurman::picker: movement animation complete entity=38654705006 coord.q=23 coord.r=11
2026-09-13T12:37:42.041052Z  INFO omdurman::picker: movement animation complete entity=34359737763 coord.q=23 coord.r=11
2026-09-13T12:37:43.890949Z  INFO omdurman::net_socket: guest: retrying snapshot request next_seq=0 last_applied=Some(121) is_host=false unconfirmed=0
2026-09-13T12:37:43.924876Z  INFO omdurman::net_socket: ignoring game history that is not ahead of local state
2026-09-13T12:37:45.893074Z  INFO omdurman::net_socket: guest: retrying snapshot request next_seq=0 last_applied=Some(121) is_host=false unconfirmed=0
2026-09-13T12:37:45.925346Z  INFO omdurman::net_socket: ignoring game history that is not ahead of local state
2026-09-13T12:37:47.907980Z  INFO omdurman::net_socket: guest: retrying snapshot request next_seq=0 last_applied=Some(121) is_host=false unconfirmed=0
2026-09-13T12:37:47.941135Z  INFO omdurman::net_socket: ignoring game history that is not ahead of local state
2026-09-13T12:37:49.908118Z  INFO omdurman::net_socket: guest: retrying snapshot request next_seq=0 last_applied=Some(121) is_host=false unconfirmed=0
2026-09-13T12:37:49.941167Z  INFO omdurman::net_socket: ignoring game history that is not ahead of local state
2026-09-13T12:37:51.922980Z  INFO omdurman::net_socket: guest: retrying snapshot request next_seq=0 last_applied=Some(121) is_host=false unconfirmed=0
2026-09-13T12:37:51.956315Z  INFO omdurman::net_socket: ignoring game history that is not ahead of local state
2026-09-13T12:37:53.923330Z  INFO omdurman::net_socket: guest: retrying snapshot request next_seq=0 last_applied=Some(121) is_host=false unconfirmed=0
2026-09-13T12:37:53.957008Z  INFO omdurman::net_socket: ignoring game history that is not ahead of local state
2026-09-13T12:37:55.091685Z  INFO omdurman::net_plugin: retransmitting unconfirmed submissions pending=1 stall_secs=0.0
2026-09-13T12:37:55.124447Z  INFO omdurman::net_socket: applied sequenced event seq=122 uid=1643342529555745323
2026-09-13T12:37:55.124500Z  INFO omdurman::net_socket: dropping sequenced delivery of an already-applied event seq=122 uid=1643342529555745323 last_applied=Some(122)
2026-09-13T12:37:55.924299Z  INFO omdurman::net_socket: guest: retrying snapshot request next_seq=0 last_applied=Some(122) is_host=false unconfirmed=0
2026-09-13T12:37:55.958753Z  INFO omdurman::net_socket: ignoring game history that is not ahead of local state
2026-09-13T12:37:57.925941Z  INFO omdurman::net_socket: guest: retrying snapshot request next_seq=0 last_applied=Some(122) is_host=false unconfirmed=0
2026-09-13T12:37:57.958454Z  INFO omdurman::net_socket: ignoring game history that is not ahead of local state
2026-09-13T12:37:59.940563Z  INFO omdurman::net_socket: guest: retrying snapshot request next_seq=0 last_applied=Some(122) is_host=false unconfirmed=0
2026-09-13T12:37:59.973574Z  INFO omdurman::net_socket: ignoring game history that is not ahead of local state
2026-09-13T12:38:01.944087Z  INFO omdurman::net_socket: guest: retrying snapshot request next_seq=0 last_applied=Some(122) is_host=false unconfirmed=0
2026-09-13T12:38:01.977943Z  INFO omdurman::net_socket: ignoring game history that is not ahead of local state
2026-09-13T12:38:03.948549Z  INFO omdurman::net_socket: guest: retrying snapshot request next_seq=0 last_applied=Some(122) is_host=false unconfirmed=0
2026-09-13T12:38:03.981707Z  INFO omdurman::net_socket: ignoring game history that is not ahead of local state
2026-09-13T12:38:05.952287Z  INFO omdurman::net_socket: guest: retrying snapshot request next_seq=0 last_applied=Some(122) is_host=false unconfirmed=0
2026-09-13T12:38:05.970094Z  INFO omdurman::net_socket: ignoring game history that is not ahead of local state
2026-09-13T12:38:07.955261Z  INFO omdurman::net_socket: guest: retrying snapshot request next_seq=0 last_applied=Some(122) is_host=false unconfirmed=0
2026-09-13T12:38:07.988992Z  INFO omdurman::net_socket: ignoring game history that is not ahead of local state
2026-09-13T12:38:09.957342Z  INFO omdurman::net_socket: guest: retrying snapshot request next_seq=0 last_applied=Some(122) is_host=false unconfirmed=0
2026-09-13T12:38:09.974440Z  INFO omdurman::net_socket: ignoring game history that is not ahead of local state
2026-09-13T12:38:11.958150Z  INFO omdurman::net_socket: guest: retrying snapshot request next_seq=0 last_applied=Some(122) is_host=false unconfirmed=0
2026-09-13T12:38:11.991543Z  INFO omdurman::net_socket: ignoring game history that is not ahead of local state
2026-09-13T12:38:13.958162Z  INFO omdurman::net_socket: guest: retrying snapshot request next_seq=0 last_applied=Some(122) is_host=false unconfirmed=0
2026-09-13T12:38:13.992932Z  INFO omdurman::net_socket: ignoring game history that is not ahead of local state
2026-09-13T12:38:15.959121Z  INFO omdurman::net_socket: guest: retrying snapshot request next_seq=0 last_applied=Some(122) is_host=false unconfirmed=0
2026-09-13T12:38:15.992668Z  INFO omdurman::net_socket: ignoring game history that is not ahead of local state
2026-09-13T12:38:17.975967Z  INFO omdurman::net_socket: guest: retrying snapshot request next_seq=0 last_applied=Some(122) is_host=false unconfirmed=0
2026-09-13T12:38:18.008103Z  INFO omdurman::net_socket: ignoring game history that is not ahead of local state
2026-09-13T12:38:19.992257Z  INFO omdurman::net_socket: guest: retrying snapshot request next_seq=0 last_applied=Some(122) is_host=false unconfirmed=0
2026-09-13T12:38:20.025428Z  INFO omdurman::net_socket: ignoring game history that is not ahead of local state
2026-09-13T12:38:21.991899Z  INFO omdurman::net_socket: guest: retrying snapshot request next_seq=0 last_applied=Some(122) is_host=false unconfirmed=0
2026-09-13T12:38:22.024803Z  INFO omdurman::net_socket: ignoring game history that is not ahead of local state
2026-09-13T12:38:23.993245Z  INFO omdurman::net_socket: guest: retrying snapshot request next_seq=0 last_applied=Some(122) is_host=false unconfirmed=0
2026-09-13T12:38:24.026392Z  INFO omdurman::net_socket: ignoring game history that is not ahead of local state
2026-09-13T12:38:26.008752Z  INFO omdurman::net_socket: guest: retrying snapshot request next_seq=0 last_applied=Some(122) is_host=false unconfirmed=0
2026-09-13T12:38:26.042349Z  INFO omdurman::net_socket: ignoring game history that is not ahead of local state
2026-09-13T12:38:28.024405Z  INFO omdurman::net_socket: guest: retrying snapshot request next_seq=0 last_applied=Some(122) is_host=false unconfirmed=0
2026-09-13T12:38:28.042419Z  INFO omdurman::net_socket: ignoring game history that is not ahead of local state
2026-09-13T12:38:30.024693Z  INFO omdurman::net_socket: guest: retrying snapshot request next_seq=0 last_applied=Some(122) is_host=false unconfirmed=0
2026-09-13T12:38:30.042767Z  INFO omdurman::net_socket: ignoring game history that is not ahead of local state
2026-09-13T12:38:32.026135Z  INFO omdurman::net_socket: guest: retrying snapshot request next_seq=0 last_applied=Some(122) is_host=false unconfirmed=0
2026-09-13T12:38:32.060719Z  INFO omdurman::net_socket: ignoring game history that is not ahead of local state
2026-09-13T12:38:34.042812Z  INFO omdurman::net_socket: guest: retrying snapshot request next_seq=0 last_applied=Some(122) is_host=false unconfirmed=0
2026-09-13T12:38:34.061540Z  INFO omdurman::net_socket: ignoring game history that is not ahead of local state
2026-09-13T12:38:36.059402Z  INFO omdurman::net_socket: guest: retrying snapshot request next_seq=0 last_applied=Some(122) is_host=false unconfirmed=0
2026-09-13T12:38:36.091696Z  INFO omdurman::net_socket: ignoring game history that is not ahead of local state
2026-09-13T12:38:38.060111Z  INFO omdurman::net_socket: guest: retrying snapshot request next_seq=0 last_applied=Some(122) is_host=false unconfirmed=0
2026-09-13T12:38:38.074964Z  INFO omdurman::net_socket: ignoring game history that is not ahead of local state
2026-09-13T12:38:40.074530Z  INFO omdurman::net_socket: guest: retrying snapshot request next_seq=0 last_applied=Some(122) is_host=false unconfirmed=0
2026-09-13T12:38:40.109119Z  INFO omdurman::net_socket: ignoring game history that is not ahead of local state
2026-09-13T12:38:42.091659Z  INFO omdurman::net_socket: guest: retrying snapshot request next_seq=0 last_applied=Some(122) is_host=false unconfirmed=0
2026-09-13T12:38:42.107918Z  INFO omdurman::net_socket: ignoring game history that is not ahead of local state
2026-09-13T12:38:44.092210Z  INFO omdurman::net_socket: guest: retrying snapshot request next_seq=0 last_applied=Some(122) is_host=false unconfirmed=0
2026-09-13T12:38:44.126069Z  INFO omdurman::net_socket: ignoring game history that is not ahead of local state
2026-09-13T12:38:46.093110Z  INFO omdurman::net_socket: guest: retrying snapshot request next_seq=0 last_applied=Some(122) is_host=false unconfirmed=0
2026-09-13T12:38:46.126908Z  INFO omdurman::net_socket: ignoring game history that is not ahead of local state
2026-09-13T12:38:48.109080Z  INFO omdurman::net_socket: guest: retrying snapshot request next_seq=0 last_applied=Some(122) is_host=false unconfirmed=0
2026-09-13T12:38:48.142147Z  INFO omdurman::net_socket: ignoring game history that is not ahead of local state
2026-09-13T12:38:50.125388Z  INFO omdurman::net_socket: guest: retrying snapshot request next_seq=0 last_applied=Some(122) is_host=false unconfirmed=0
2026-09-13T12:38:50.158575Z  INFO omdurman::net_socket: ignoring game history that is not ahead of local state
2026-09-13T12:38:52.126406Z  INFO omdurman::net_socket: guest: retrying snapshot request next_seq=0 last_applied=Some(122) is_host=false unconfirmed=0
2026-09-13T12:38:52.159476Z  INFO omdurman::net_socket: ignoring game history that is not ahead of local state
2026-09-13T12:38:54.142992Z  INFO omdurman::net_socket: guest: retrying snapshot request next_seq=0 last_applied=Some(122) is_host=false unconfirmed=0
2026-09-13T12:38:54.176372Z  INFO omdurman::net_socket: ignoring game history that is not ahead of local state
2026-09-13T12:38:56.159772Z  INFO omdurman::net_socket: guest: retrying snapshot request next_seq=0 last_applied=Some(122) is_host=false unconfirmed=0
2026-09-13T12:38:56.192578Z  INFO omdurman::net_socket: ignoring game history that is not ahead of local state
2026-09-13T12:38:58.175219Z  INFO omdurman::net_socket: guest: retrying snapshot request next_seq=0 last_applied=Some(122) is_host=false unconfirmed=0
2026-09-13T12:38:58.191787Z  INFO omdurman::net_socket: ignoring game history that is not ahead of local state
2026-09-13T12:39:00.192301Z  INFO omdurman::net_socket: guest: retrying snapshot request next_seq=0 last_applied=Some(122) is_host=false unconfirmed=0
2026-09-13T12:39:00.208819Z  INFO omdurman::net_socket: ignoring game history that is not ahead of local state
2026-09-13T12:39:02.208709Z  INFO omdurman::net_socket: guest: retrying snapshot request next_seq=0 last_applied=Some(122) is_host=false unconfirmed=0
2026-09-13T12:39:02.242258Z  INFO omdurman::net_socket: ignoring game history that is not ahead of local state
2026-09-13T12:39:04.208969Z  INFO omdurman::net_socket: guest: retrying snapshot request next_seq=0 last_applied=Some(122) is_host=false unconfirmed=0
2026-09-13T12:39:04.241175Z  INFO omdurman::net_socket: ignoring game history that is not ahead of local state
2026-09-13T12:39:06.225311Z  INFO omdurman::net_socket: guest: retrying snapshot request next_seq=0 last_applied=Some(122) is_host=false unconfirmed=0
2026-09-13T12:39:06.259116Z  INFO omdurman::net_socket: ignoring game history that is not ahead of local state
2026-09-13T12:39:08.225217Z  INFO omdurman::net_socket: guest: retrying snapshot request next_seq=0 last_applied=Some(122) is_host=false unconfirmed=0
2026-09-13T12:39:08.259126Z  INFO omdurman::net_socket: ignoring game history that is not ahead of local state
2026-09-13T12:39:10.225296Z  INFO omdurman::net_socket: guest: retrying snapshot request next_seq=0 last_applied=Some(122) is_host=false unconfirmed=0
2026-09-13T12:39:10.258489Z  INFO omdurman::net_socket: ignoring game history that is not ahead of local state
2026-09-13T12:39:12.242176Z  INFO omdurman::net_socket: guest: retrying snapshot request next_seq=0 last_applied=Some(122) is_host=false unconfirmed=0
2026-09-13T12:39:12.275738Z  INFO omdurman::net_socket: ignoring game history that is not ahead of local state
2026-09-13T12:39:14.259258Z  INFO omdurman::net_socket: guest: retrying snapshot request next_seq=0 last_applied=Some(122) is_host=false unconfirmed=0
2026-09-13T12:39:14.292254Z  INFO omdurman::net_socket: ignoring game history that is not ahead of local state
2026-09-13T12:39:16.275719Z  INFO omdurman::net_socket: guest: retrying snapshot request next_seq=0 last_applied=Some(122) is_host=false unconfirmed=0
2026-09-13T12:39:16.308684Z  INFO omdurman::net_socket: ignoring game history that is not ahead of local state
2026-09-13T12:39:18.276631Z  INFO omdurman::net_socket: guest: retrying snapshot request next_seq=0 last_applied=Some(122) is_host=false unconfirmed=0
2026-09-13T12:39:18.310130Z  INFO omdurman::net_socket: ignoring game history that is not ahead of local state
2026-09-13T12:39:19.775989Z  INFO omdurman::net_socket: applied sequenced event seq=123 uid=10372213969454910486
2026-09-13T12:39:19.776117Z  INFO omdurman::net_socket: applied sequenced event seq=124 uid=10372213969454910487
2026-09-13T12:39:19.776148Z  INFO omdurman::net_socket: dropping sequenced delivery of an already-applied event seq=123 uid=10372213969454910486 last_applied=Some(124)
2026-09-13T12:39:19.776161Z  INFO omdurman::net_socket: dropping sequenced delivery of an already-applied event seq=124 uid=10372213969454910487 last_applied=Some(124)
2026-09-13T12:39:20.292308Z  INFO omdurman::net_socket: guest: retrying snapshot request next_seq=0 last_applied=Some(124) is_host=false unconfirmed=0
2026-09-13T12:39:20.326168Z  INFO omdurman::net_socket: ignoring game history that is not ahead of local state
2026-09-13T12:39:22.308186Z  INFO omdurman::net_socket: guest: retrying snapshot request next_seq=0 last_applied=Some(124) is_host=false unconfirmed=0
2026-09-13T12:39:22.342854Z  INFO omdurman::net_socket: ignoring game history that is not ahead of local state
2026-09-13T12:39:24.309988Z  INFO omdurman::net_socket: guest: retrying snapshot request next_seq=0 last_applied=Some(124) is_host=false unconfirmed=0
2026-09-13T12:39:24.342840Z  INFO omdurman::net_socket: ignoring game history that is not ahead of local state
2026-09-13T12:39:26.325374Z  INFO omdurman::net_socket: guest: retrying snapshot request next_seq=0 last_applied=Some(124) is_host=false unconfirmed=0
2026-09-13T12:39:26.358564Z  INFO omdurman::net_socket: ignoring game history that is not ahead of local state
2026-09-13T12:39:28.325944Z  INFO omdurman::net_socket: guest: retrying snapshot request next_seq=0 last_applied=Some(124) is_host=false unconfirmed=0
2026-09-13T12:39:28.359617Z  INFO omdurman::net_socket: ignoring game history that is not ahead of local state
2026-09-13T12:39:30.342246Z  INFO omdurman::net_socket: guest: retrying snapshot request next_seq=0 last_applied=Some(124) is_host=false unconfirmed=0
2026-09-13T12:39:30.375566Z  INFO omdurman::net_socket: ignoring game history that is not ahead of local state
2026-09-13T12:39:32.358766Z  INFO omdurman::net_socket: guest: retrying snapshot request next_seq=0 last_applied=Some(124) is_host=false unconfirmed=0
2026-09-13T12:39:32.391659Z  INFO omdurman::net_socket: ignoring game history that is not ahead of local state
2026-09-13T12:39:34.359684Z  INFO omdurman::net_socket: guest: retrying snapshot request next_seq=0 last_applied=Some(124) is_host=false unconfirmed=0
2026-09-13T12:39:34.392832Z  INFO omdurman::net_socket: ignoring game history that is not ahead of local state
2026-09-13T12:39:36.374801Z  INFO omdurman::net_socket: guest: retrying snapshot request next_seq=0 last_applied=Some(124) is_host=false unconfirmed=0
2026-09-13T12:39:36.408600Z  INFO omdurman::net_socket: ignoring game history that is not ahead of local state
2026-09-13T12:39:38.376252Z  INFO omdurman::net_socket: guest: retrying snapshot request next_seq=0 last_applied=Some(124) is_host=false unconfirmed=0
2026-09-13T12:39:38.410263Z  INFO omdurman::net_socket: ignoring game history that is not ahead of local state
2026-09-13T12:39:40.383281Z  INFO omdurman::net_socket: guest: retrying snapshot request next_seq=0 last_applied=Some(124) is_host=false unconfirmed=0
2026-09-13T12:39:40.428266Z  INFO omdurman::net_socket: ignoring game history that is not ahead of local state
2026-09-13T12:39:42.392505Z  INFO omdurman::net_socket: guest: retrying snapshot request next_seq=0 last_applied=Some(124) is_host=false unconfirmed=0
2026-09-13T12:39:42.425326Z  INFO omdurman::net_socket: ignoring game history that is not ahead of local state
2026-09-13T12:39:44.396839Z  INFO omdurman::net_socket: guest: retrying snapshot request next_seq=0 last_applied=Some(124) is_host=false unconfirmed=0
2026-09-13T12:39:44.429855Z  INFO omdurman::net_socket: ignoring game history that is not ahead of local state
2026-09-13T12:39:46.067504Z  INFO omdurman::net_socket: applied sequenced event seq=125 uid=10372213969454910488
2026-09-13T12:39:46.067594Z  INFO omdurman::net_socket: dropping sequenced delivery of an already-applied event seq=125 uid=10372213969454910488 last_applied=Some(125)
2026-09-13T12:39:46.400646Z  INFO omdurman::net_socket: guest: retrying snapshot request next_seq=0 last_applied=Some(125) is_host=false unconfirmed=0
2026-09-13T12:39:46.433962Z  INFO omdurman::net_socket: ignoring game history that is not ahead of local state
2026-09-13T12:39:48.402731Z  INFO omdurman::net_socket: guest: retrying snapshot request next_seq=0 last_applied=Some(125) is_host=false unconfirmed=0
2026-09-13T12:39:48.436851Z  INFO omdurman::net_socket: ignoring game history that is not ahead of local state
2026-09-13T12:39:50.405591Z  INFO omdurman::net_socket: guest: retrying snapshot request next_seq=0 last_applied=Some(125) is_host=false unconfirmed=0
2026-09-13T12:39:50.438402Z  INFO omdurman::net_socket: ignoring game history that is not ahead of local state
2026-09-13T12:39:52.423882Z  INFO omdurman::net_socket: guest: retrying snapshot request next_seq=0 last_applied=Some(125) is_host=false unconfirmed=0
2026-09-13T12:39:52.456406Z  INFO omdurman::net_socket: ignoring game history that is not ahead of local state
2026-09-13T12:39:54.424021Z  INFO omdurman::net_socket: guest: retrying snapshot request next_seq=0 last_applied=Some(125) is_host=false unconfirmed=0
2026-09-13T12:39:54.457777Z  INFO omdurman::net_socket: ignoring game history that is not ahead of local state
2026-09-13T12:39:56.424240Z  INFO omdurman::net_socket: guest: retrying snapshot request next_seq=0 last_applied=Some(125) is_host=false unconfirmed=0
2026-09-13T12:39:56.442524Z  INFO omdurman::net_socket: ignoring game history that is not ahead of local state
2026-09-13T12:39:58.424588Z  INFO omdurman::net_socket: guest: retrying snapshot request next_seq=0 last_applied=Some(125) is_host=false unconfirmed=0
2026-09-13T12:39:58.442072Z  INFO omdurman::net_socket: ignoring game history that is not ahead of local state
2026-09-13T12:40:00.441920Z  INFO omdurman::net_socket: guest: retrying snapshot request next_seq=0 last_applied=Some(125) is_host=false unconfirmed=0
2026-09-13T12:40:00.458859Z  INFO omdurman::net_socket: ignoring game history that is not ahead of local state
2026-09-13T12:40:00.809157Z  INFO omdurman::net_socket: applied sequenced event seq=126 uid=10372213969454910489
2026-09-13T12:40:00.809239Z  INFO omdurman::net_socket: dropping sequenced delivery of an already-applied event seq=126 uid=10372213969454910489 last_applied=Some(126)
2026-09-13T12:40:02.454423Z  INFO omdurman::net_socket: guest: retrying snapshot request next_seq=0 last_applied=Some(126) is_host=false unconfirmed=0
2026-09-13T12:40:02.487880Z  INFO omdurman::net_socket: ignoring game history that is not ahead of local state
2026-09-13T12:40:04.457319Z  INFO omdurman::net_socket: guest: retrying snapshot request next_seq=0 last_applied=Some(126) is_host=false unconfirmed=0
2026-09-13T12:40:04.476970Z  INFO omdurman::net_socket: ignoring game history that is not ahead of local state
2026-09-13T12:40:06.462150Z  INFO omdurman::net_socket: guest: retrying snapshot request next_seq=0 last_applied=Some(126) is_host=false unconfirmed=0
2026-09-13T12:40:06.495354Z  INFO omdurman::net_socket: ignoring game history that is not ahead of local state
2026-09-13T12:40:08.464676Z  INFO omdurman::net_socket: guest: retrying snapshot request next_seq=0 last_applied=Some(126) is_host=false unconfirmed=0
2026-09-13T12:40:08.499189Z  INFO omdurman::net_socket: ignoring game history that is not ahead of local state
2026-09-13T12:40:10.468491Z  INFO omdurman::net_socket: guest: retrying snapshot request next_seq=0 last_applied=Some(126) is_host=false unconfirmed=0
2026-09-13T12:40:10.502178Z  INFO omdurman::net_socket: ignoring game history that is not ahead of local state
2026-09-13T12:40:12.471812Z  INFO omdurman::net_socket: guest: retrying snapshot request next_seq=0 last_applied=Some(126) is_host=false unconfirmed=0
2026-09-13T12:40:12.505892Z  INFO omdurman::net_socket: ignoring game history that is not ahead of local state
2026-09-13T12:40:14.471740Z  INFO omdurman::net_socket: guest: retrying snapshot request next_seq=0 last_applied=Some(126) is_host=false unconfirmed=0
2026-09-13T12:40:14.505308Z  INFO omdurman::net_socket: ignoring game history that is not ahead of local state
2026-09-13T12:40:16.472328Z  INFO omdurman::net_socket: guest: retrying snapshot request next_seq=0 last_applied=Some(126) is_host=false unconfirmed=0
2026-09-13T12:40:16.507269Z  INFO omdurman::net_socket: ignoring game history that is not ahead of local state
2026-09-13T12:40:18.473789Z  INFO omdurman::net_socket: guest: retrying snapshot request next_seq=0 last_applied=Some(126) is_host=false unconfirmed=0
2026-09-13T12:40:18.508280Z  INFO omdurman::net_socket: ignoring game history that is not ahead of local state
2026-09-13T12:40:20.474788Z  INFO omdurman::net_socket: guest: retrying snapshot request next_seq=0 last_applied=Some(126) is_host=false unconfirmed=0
2026-09-13T12:40:20.508677Z  INFO omdurman::net_socket: ignoring game history that is not ahead of local state
2026-09-13T12:40:22.475285Z  INFO omdurman::net_socket: guest: retrying snapshot request next_seq=0 last_applied=Some(126) is_host=false unconfirmed=0
2026-09-13T12:40:22.508936Z  INFO omdurman::net_socket: ignoring game history that is not ahead of local state
2026-09-13T12:40:24.491934Z  INFO omdurman::net_socket: guest: retrying snapshot request next_seq=0 last_applied=Some(126) is_host=false unconfirmed=0
2026-09-13T12:40:24.509219Z  INFO omdurman::net_socket: ignoring game history that is not ahead of local state
2026-09-13T12:40:26.492012Z  INFO omdurman::net_socket: guest: retrying snapshot request next_seq=0 last_applied=Some(126) is_host=false unconfirmed=0
2026-09-13T12:40:26.527025Z  INFO omdurman::net_socket: ignoring game history that is not ahead of local state
2026-09-13T12:40:28.508900Z  INFO omdurman::net_socket: guest: retrying snapshot request next_seq=0 last_applied=Some(126) is_host=false unconfirmed=0
2026-09-13T12:40:28.542989Z  INFO omdurman::net_socket: ignoring game history that is not ahead of local state
2026-09-13T12:40:30.515000Z  INFO omdurman::net_socket: guest: retrying snapshot request next_seq=0 last_applied=Some(126) is_host=false unconfirmed=0
2026-09-13T12:40:30.548548Z  INFO omdurman::net_socket: ignoring game history that is not ahead of local state
2026-09-13T12:40:32.519672Z  INFO omdurman::net_socket: guest: retrying snapshot request next_seq=0 last_applied=Some(126) is_host=false unconfirmed=0
2026-09-13T12:40:32.552697Z  INFO omdurman::net_socket: ignoring game history that is not ahead of local state
2026-09-13T12:40:34.520815Z  INFO omdurman::net_socket: guest: retrying snapshot request next_seq=0 last_applied=Some(126) is_host=false unconfirmed=0
2026-09-13T12:40:34.554738Z  INFO omdurman::net_socket: ignoring game history that is not ahead of local state
2026-09-13T12:40:36.525034Z  INFO omdurman::net_socket: guest: retrying snapshot request next_seq=0 last_applied=Some(126) is_host=false unconfirmed=0
2026-09-13T12:40:36.542617Z  INFO omdurman::net_socket: ignoring game history that is not ahead of local state
2026-09-13T12:40:38.540479Z  INFO omdurman::net_socket: guest: retrying snapshot request next_seq=0 last_applied=Some(126) is_host=false unconfirmed=0
2026-09-13T12:40:38.576932Z  INFO omdurman::net_socket: ignoring game history that is not ahead of local state
2026-09-13T12:40:40.540594Z  INFO omdurman::net_socket: guest: retrying snapshot request next_seq=0 last_applied=Some(126) is_host=false unconfirmed=0
2026-09-13T12:40:40.576018Z  INFO omdurman::net_socket: ignoring game history that is not ahead of local state
2026-09-13T12:40:42.558182Z  INFO omdurman::net_socket: guest: retrying snapshot request next_seq=0 last_applied=Some(126) is_host=false unconfirmed=0
2026-09-13T12:40:42.576717Z  INFO omdurman::net_socket: ignoring game history that is not ahead of local state
2026-09-13T12:40:44.560200Z  INFO omdurman::net_socket: guest: retrying snapshot request next_seq=0 last_applied=Some(126) is_host=false unconfirmed=0
2026-09-13T12:40:44.594705Z  INFO omdurman::net_socket: ignoring game history that is not ahead of local state
2026-09-13T12:40:45.675442Z  INFO omdurman::net_plugin: retransmitting unconfirmed submissions pending=1 stall_secs=0.0
2026-09-13T12:40:45.708709Z  INFO omdurman::net_socket: applied sequenced event seq=127 uid=1643342529555745324
2026-09-13T12:40:45.708781Z  INFO omdurman::net_socket: dropping sequenced delivery of an already-applied event seq=127 uid=1643342529555745324 last_applied=Some(127)
2026-09-13T12:40:46.576419Z  INFO omdurman::net_socket: guest: retrying snapshot request next_seq=0 last_applied=Some(127) is_host=false unconfirmed=0
2026-09-13T12:40:46.608681Z  INFO omdurman::net_socket: ignoring game history that is not ahead of local state
2026-09-13T12:40:48.578285Z  INFO omdurman::net_socket: guest: retrying snapshot request next_seq=0 last_applied=Some(127) is_host=false unconfirmed=0
2026-09-13T12:40:48.610678Z  INFO omdurman::net_socket: ignoring game history that is not ahead of local state
2026-09-13T12:40:50.590605Z  INFO omdurman::net_socket: guest: retrying snapshot request next_seq=0 last_applied=Some(127) is_host=false unconfirmed=0
2026-09-13T12:40:50.622244Z  INFO omdurman::net_socket: ignoring game history that is not ahead of local state
2026-09-13T12:40:52.601158Z  INFO omdurman::net_socket: guest: retrying snapshot request next_seq=0 last_applied=Some(127) is_host=false unconfirmed=0
2026-09-13T12:40:52.634970Z  INFO omdurman::net_socket: ignoring game history that is not ahead of local state
2026-09-13T12:40:53.086275Z  INFO omdurman::net_plugin: retransmitting unconfirmed submissions pending=1 stall_secs=0.0
2026-09-13T12:40:53.118429Z  INFO omdurman::net_socket: applied sequenced event seq=128 uid=1643342529555745325
2026-09-13T12:40:53.118529Z  INFO omdurman::net_socket: dropping sequenced delivery of an already-applied event seq=128 uid=1643342529555745325 last_applied=Some(128)
2026-09-13T12:40:54.603736Z  INFO omdurman::net_socket: guest: retrying snapshot request next_seq=0 last_applied=Some(128) is_host=false unconfirmed=0
2026-09-13T12:40:54.638195Z  INFO omdurman::net_socket: ignoring game history that is not ahead of local state
2026-09-13T12:40:56.605626Z  INFO omdurman::net_socket: guest: retrying snapshot request next_seq=0 last_applied=Some(128) is_host=false unconfirmed=0
2026-09-13T12:40:56.639292Z  INFO omdurman::net_socket: ignoring game history that is not ahead of local state
2026-09-13T12:40:58.620361Z  INFO omdurman::net_socket: guest: retrying snapshot request next_seq=0 last_applied=Some(128) is_host=false unconfirmed=0
2026-09-13T12:40:58.653057Z  INFO omdurman::net_socket: ignoring game history that is not ahead of local state
2026-09-13T12:41:00.621772Z  INFO omdurman::net_socket: guest: retrying snapshot request next_seq=0 last_applied=Some(128) is_host=false unconfirmed=0
2026-09-13T12:41:00.655237Z  INFO omdurman::net_socket: ignoring game history that is not ahead of local state
2026-09-13T12:41:02.624005Z  INFO omdurman::net_socket: guest: retrying snapshot request next_seq=0 last_applied=Some(128) is_host=false unconfirmed=0
2026-09-13T12:41:02.657199Z  INFO omdurman::net_socket: ignoring game history that is not ahead of local state
2026-09-13T12:41:04.624209Z  INFO omdurman::net_socket: guest: retrying snapshot request next_seq=0 last_applied=Some(128) is_host=false unconfirmed=0
2026-09-13T12:41:04.657582Z  INFO omdurman::net_socket: ignoring game history that is not ahead of local state
2026-09-13T12:41:06.624624Z  INFO omdurman::net_socket: guest: retrying snapshot request next_seq=0 last_applied=Some(128) is_host=false unconfirmed=0
2026-09-13T12:41:06.658017Z  INFO omdurman::net_socket: ignoring game history that is not ahead of local state
2026-09-13T12:41:08.640658Z  INFO omdurman::net_socket: guest: retrying snapshot request next_seq=0 last_applied=Some(128) is_host=false unconfirmed=0
2026-09-13T12:41:08.658476Z  INFO omdurman::net_socket: ignoring game history that is not ahead of local state
2026-09-13T12:41:10.640835Z  INFO omdurman::net_socket: guest: retrying snapshot request next_seq=0 last_applied=Some(128) is_host=false unconfirmed=0
2026-09-13T12:41:10.674346Z  INFO omdurman::net_socket: ignoring game history that is not ahead of local state
2026-09-13T12:41:12.491742Z  INFO omdurman::net_socket: applied sequenced event seq=129 uid=10372213969454910490
2026-09-13T12:41:12.491821Z  INFO omdurman::net_socket: dropping sequenced delivery of an already-applied event seq=129 uid=10372213969454910490 last_applied=Some(129)
2026-09-13T12:41:12.641106Z  INFO omdurman::net_socket: guest: retrying snapshot request next_seq=0 last_applied=Some(129) is_host=false unconfirmed=0
2026-09-13T12:41:12.674279Z  INFO omdurman::net_socket: ignoring game history that is not ahead of local state
2026-09-13T12:41:14.641351Z  INFO omdurman::net_socket: guest: retrying snapshot request next_seq=0 last_applied=Some(129) is_host=false unconfirmed=0
2026-09-13T12:41:14.674213Z  INFO omdurman::net_socket: ignoring game history that is not ahead of local state
2026-09-13T12:41:16.641763Z  INFO omdurman::net_socket: guest: retrying snapshot request next_seq=0 last_applied=Some(129) is_host=false unconfirmed=0
2026-09-13T12:41:16.674326Z  INFO omdurman::net_socket: ignoring game history that is not ahead of local state
2026-09-13T12:41:18.642940Z  INFO omdurman::net_socket: guest: retrying snapshot request next_seq=0 last_applied=Some(129) is_host=false unconfirmed=0
2026-09-13T12:41:18.663283Z  INFO omdurman::net_socket: ignoring game history that is not ahead of local state
2026-09-13T12:41:20.659170Z  INFO omdurman::net_socket: guest: retrying snapshot request next_seq=0 last_applied=Some(129) is_host=false unconfirmed=0
2026-09-13T12:41:20.675779Z  INFO omdurman::net_socket: ignoring game history that is not ahead of local state
2026-09-13T12:41:20.893543Z  INFO omdurman::net_socket: peer disconnected peer=21881f3f-94fb-4a8f-8b4c-7b3c5c2da45a
2026-09-13T12:41:20.893581Z  INFO omdurman::net_socket: promoted to host after previous host disconnect; resumed sequence numbering next_seq=130
2026-09-13T12:41:22.132559Z  INFO bevy_window::system: No windows are open, exiting
2026-09-13T12:41:22.132593Z  INFO bevy_winit::system: Closing window 65v0
2026-09-13T12:41:22.248770Z  WARN matchbox_socket::webrtc_socket: Outgoing message queue closed, message not sent

